명칭,도로명,지번,Latitude,Longitude,위도,경도,개요,유형,지역
성신여대 박물관,강북구 도봉로76가길 55,강북구 미아동 147,37.6317775,127.0273891,37.6319166,127.0273517,"성신여대 제2캠퍼스인 운정그린캠퍼스에는 2011년 11월 23일 문을 연 정원 박광훈 복식박물관과 자연사박물관이 있다. 정원 박광훈 복식박물관은 서울시 무형문화재 제11호인 침선장 정원 박광훈 선생이 기증한 600여점의 복식을 포함하여 2천여 점이 넘는 직물류, 장신구류 등이 전시되어 있는 전문박물관이다. 우리나라 출생 복식에서부터 평상복, 혼례복식과 궁중의례복식, 그리고 임종시의 수의에 이르기까지 다양한 복식과 장신구 등이 전시되어 있다.
같은 건물의 지하에 있는 자연사박물관은 1970년대부터 약 40여 년간 축적해 온 방대한 연구 자원을 토대로 13만5천여점에 달하는 표본을 암석, 식물, 곤충 등 4가지 테마로 나누어 우리 주변의 자연을 느끼고 배울 수 있도록 전시하고 있다.",문화시설,강북구
꿈의숲 아트센터,강북구 월계로 173,강북구 번동 90,37.6198726,127.0436442,37.62106014,127.0408193,"세종문화회관이 운영하는'꿈의숲 아트센터'는 자연속에서 다양한 공연과 전시를 감상할 수 있는 매력적인 공간이다. 공연장과 미술관으로 이루어져 있으며, 중국식 레스토랑 '메이린'과 카페테리아'라포레스타'카페, 전망대 등을 운영해 품격높은 서비스와 편의를 제공하고 있다.

* 개장일 : 2009년10월17일<br>",문화시설,강북구
상상톡톡 미술관,강북구 월계로 173,강북구 번동 90,37.6198726,127.0436442,37.62420973,127.0382973,"&lt;상상 톡톡 미술관&gt;은 서울 강북구 번동 '꿈의 숲 아트센터'내에 있는 미술관을 새단장하여 문을 연 어린이 전용 미술관이다. 미술관은 숲 속에 위치하고 있어 어린이들이 미술과 함께 자연을 직접 체험하며 상상력과 창의력을 키울 수 있게 하였다. 지상 2층 규모로 어린이들이 좋아하는 동물ㆍ식물 캐릭터와 숲을 형상화한 계단, 파이프를 이용해 만든 난간 등 아이들이 흥미를 가질 수 있도록 독특한 인테리어로 꾸며져 있다. 
특히, 미술관 2층 테라스에 단비를 내려 어린이들이 노란 우비와 우산을 쓰고 비를 맞는 체험과 같이 눈으로 보는 전시가 아닌 직접 체험하고 느끼는 색다른 전시로 꾸몄다. 이 밖에도 가족 관람객을 위해 휴게실과 수유실을 갖추고 있으며 어린이들이 안전하게 놀 수 있는 공간을 모두 친환경 소재를 사용하여 만들었다. 어린이를 위한 미술전시와 체험교육을 비롯해서 '꿈의숲 아트센터'와 연계하여 음악, 연극 등 다양한 문화예술과 관련된 새로운 볼거리를 제공할 것이다.<br>",문화시설,강북구
창녕위궁재사,강북구 월계로 173,강북구 번동 93-1,37.6205758,127.0430325,37.6214313,127.0406246,"재사란 조상의 묘에 제사를 지낼 때 여러 가지 편의를 위해 만들어진 건물을 말한다. 창녕위궁재사는 등록문화재 제40호인 전통한식 목조가옥으로 조선 제23대 순조의 둘째 딸인 복온공주와 부마인 창녕위 김병주의 제사를 위한 재사다.
재사란 조상의 묘에 제사를 지낼 때 여러가지 편의를 위해 만들어진 건물을 말한다.
재사로 쓰이기 이전에는 인조반정 공신으로 영의정을 지낸 신경진의 별장이었으며,
한일병합 후에는 복온공주와 김병주의 손자인 김석진이 일본의 회유를 위해 내린
남작 작위를 치욕으로 여겨 순국 자결한 곳이다.",문화재,강북구
영산군이전묘역,,강북구 번동 산 20-1,37.6291925,127.0333127,37.640138,126.9414411,"조선 제9대 임금 성종의 13번째인 아들인 영산군 이전과 그의 아들인 장흥군 이상, 손자 이경의, 증손자 이종 등 4대에 걸친 묘역이다.
특히 영산군 이전의 묘역과 장명등, 문인석 등 묘역 내 부착된 석물(石物)들은 당대의 전형적인 형식과 변화 과정을보여주는 점에서 학술적 가치가 크다.",문화유산,강북구
북서울 꿈의숲,강북구 월계로 173,강북구 번동 산28-6,37.6214312,127.0406246,37.62338765,127.0407498,"옛 드림랜드 부지에 조성된 ‘북서울 꿈의 숲’은 월드컵공원, 올림픽공원, 서울숲에 이어 서울에서 4번째로 큰 공원이다. 공원을 둘러싸는 곳은 벚꽃길을, 공원 북쪽 아파트 지역과 인접한 곳에는 단풍숲을 조성했다. 공원 동남쪽에 있던 전통 한옥인 창녕위궁재사(등록문화재 제40호)는 원래 모습으로 복원됐고 주변에 연못과 정자(애련정) 등이 조성돼 운치를 더했다.
300석 규모의 공연장 2개와 다목적홀, 전망대 등을 갖춘 문화센터가 있다. 문화센터 전망대에서는 북쪽으로 북한산, 도봉산, 수락산의 절경을 감상할 수 있고 남쪽으로 남산과 한강까지도 조망이 가능하다.
주요 공원시설은 호수, 대형잔디광장, 월광폭포, 정자(애련정), 산책로, 칠폭지, 야생초화원, 포켓파크와 미술관, 문화센터, 카페테리아, 지하주차장 등이 있다. 강북 지역에 최초로 조성된 대형 녹지공원으로, 기존 노후된 시설물을 모두 비우고, 지형에 맞는 생태적 조경공간으로 탈바꿈하였다. 전통건축물인 창녕위궁재사 건물은 원형으로 복원되었으며, 주변에는 푸른호수와 함께 정자와 폭포 등이 조성돼 전통경관도 연출하였다.
그동안 드림랜드 눈썰매장으로 쓰였던 경사지에는 공연장과 전시장, 레스토랑, 전망타워 등이 들어서서 강북지역 최첨단 문화 공간으로 거듭나게 되었다. 또한, 아파트와 도로로 둘러싸인 공원 경계부에는 어느 곳에서나 공원접근이 가능하도록 포켓파크, 쌈지마당, 가로공원, 산책로, 체력단련장 등 다양한 형태의 공간으로 조성되어 주민들이 생활 공원으로 최대한 이용할 수 있도록 공간을 구성하였다.

* 오동근린공원
북서울 꿈의 숲이 조성된 지역은 오패산(123m)과 벽오산(135m)의 두 봉우리가 있는 '오동근린공원'이 있는데, 양 산봉우리의 가운데 평탄지에는 1989년부터 운영되었던 '드림랜드'라는 놀이시설이 있었지만 지금은 모두 철거되었고 그 자리에는 호수, 잔디광장 등 친환경적인 새로운 녹지공원의 주요시설이 들어섰다. 드림랜드가 있었던 부지를 가운데 두고 양쪽에는 숲이 보존되어 있는데, 이 숲속에는 상수리나무, 잣나무, 소나무, 아까시나무, 은사시 나무 등이 혼재하여 있고, 다람쥐, 청설모, 꿩, 뱀, 개구리 등의 동물과 멧비둘기, 쇠박새, 참새, 까치 등 다양한 조류가 서식하고 있다.  서울 강북과 도봉 등 6개구에 둘러싸여 있는 초대형 공원인 '북서울꿈의숲'은 과거 드림랜드가 있던 자리 66만여㎡에 조성된 녹지공원으로 월드컵공원과 올림픽공원, 서울숲에 이어 서울에서 4번째로 큰 공원입니다. 숲이 울창해 아름다운 풍광을 자랑하는 벽오산, 오패산으로 둘러싸여 있는 '북서울꿈의숲'은 벚꽃길과 단풍숲 등의 생태적 조경공간, 대형연못인 월영지와 월광폭포 등의 전통경관, 그리고 북한산과 도봉산, 수락산을 한눈에 볼 수 있는 49.7미터의 전망대와 다양한 장르의 고품격 문화예술이 일년 내내 펼쳐지는 '꿈의숲아트센터'등의 공연장과 전시장, 레스토랑, 전망타워 등이 있는 서울을 대표하는 세계적인 공원입니다.",관광지,강북구
강북문화원,강북구 삼각산로 85,강북구 수유동 360-10,37.6407291,127.013272,37.64084346,127.0133102,"강북문화원은 강북구 지역의 역사와 문화의 숨결 등 다양한 문화정보를 제공하고 있다. 대표적으로 소귀골음악회는 4.19 민주화 혁명 희생영령들을 추모함과 동시에 관내 구민들에게 민족정체성을 일깨우고 건전한 시민문화를 육성하는데 그 취지가 있다. 주요 프로그램은 전통음악(경기민요 등)과 현대가요, 합창단의 합창 그리고 오케스트라, 클래식 음악 등이다. 또한 문화강좌도 개설하고 있다. 주민들의 여가선용은 물론 문화.예술인구의 저변 확대를 통하여 건전한 사회분위기를 육성하는데 그 목적이 있다. 경기민요교실, 장고교실, 가요교실, 전통무용교실, 스포츠댄스교실, 주부가요교실 등이 개설되어 있어 시민들에게 문화활동을 접할 수 있는 기회를 제공하고 있다.",문화시설,강북구
화계사,강북구 화계사길 117,강북구 수유동 487,37.632555,127.0071466,37.63264152,127.0073221,"화계사는 원래 부허동이라는 곳에 보덕암이라는 암자였으며, 현재 화계사 자리로 이전하여 조선 중종 17년(1522년)에 신월대사가 창건하였다. 광해군 10년인 1618년 화재로 모두 소실되었다가 다음 해에 도월스님에 의해 중건되었다.백운봉(白雲峰 836.5m), 인수봉(人壽峰 810.5m), 만경봉(萬鏡峰 787.0m)으로 북한산의 핵심을 이루고 있는 삼각산(三角山)의 동남쪽으로, 칼바위 능선을 지나 흘러내린 끝자락에자리 잡고 있으며, 도심과 가깝고 주택가와 인접해 있으면서도 숲과 계곡이 감싸 안아 자연에서 주는 편안함과, 고즈넉한 산사의 정취를 느낄 수 있는 강북구의 대표적인 사찰이다.<br /><br />1866년 용선스님과 범운스님이 지은 건물들이 지금까지 내려오고 있으며, 명부전의 지장보살과 시왕은 특히 유명하다. 이 조각들은 고려 말엽의 나옹스님이 정교하게 깎은 작품들로서, 1877년 조대비가 화계사에 안치했다고 한다. 조선시대에는 국태민안을 빌던 왕가 사람들의 출입이 많아 궁궐이라고 불려질 정도였으며, 대원군은 이곳 골짜기에 있는 오탁천약수로 피부병을 고치기 위하여  이 절에 머물렀기 때문에 대원군의 글씨를  비롯해서 그와의 인연이 많이 얽혀 있다. 현재 화계사는 숭산스님에 의해 시작된 관음국제선원의 산실로서 외국인 승려들과 불자들이 이곳에서 수행하고 있다.  규모는 크지 않지만 소나무, 전나무, 느티나무에 둘러싸여 이곳을 찾는 이들의 마음을 평온하게 만들어 준다.<br /><br />또한, 화계사에는 화계사를 직접 체험 해 볼 수 있는 템플스테이 프로그램이 마련되어 있다. 템플스테이(Templestay)는 한국의 전통사찰에 머물면서 사찰의 일상생활을 체험하고 한국 불교의 전통 문화와 수행 정신을 체험하는 프로그램으로, 도시와 매우 근접해 있으면서도 깊은 산사의 체험을 할 수 있는 것이 화계사 템플스테이의 특징이다. 다양한 필요에 맞추어 체험형, 휴식형, 당일형 프로그램 등이 준비되어 있다.<br> 화계사는 숭산행원 대종사의 원력과 법맥이 살아 숨 쉬는 곳으로 전 세계 120여개 선원과 한국 불교를 배우고자 하는 외국 수행자들이 화계사 국제선원에 모여 함께 수행정진 하고 있는 참선수행과 국제포교의 중심사찰입니다.
화계사 대적광전에서는 매일 사시예불 및 기도가 있습니다. 매주 일요일에는 선지식들께 법을 청하고 행을 실천하는 일요가족법회가 봉행되고 수선회 참선법회, 어린이법회, 학생법회, 나한대학생법회, 영어참선법회 등 신행단체법회가 법사스님을 중심으로 자체적으로 봉행됩니다.
그 외에도 선우회에서는 매주 토요일 참선 철야정진을 하며, 매주 수요일 저녁 청년회 법회를 봉행하는 등 기도와 정진에 정성을 다하고 있습니다.
또한 화계사는 교육의 도량입니다. 화계사불교대학은 2002년 인가를 시작으로 매년 700여명의 불자들이 교육을 받고 있습니다. 불교를 처음 접하는 분을 위한 기초교리과정과 불교의 기본교육과 불자로서 신행활동을 하는데 필수인 천수경,예불.반야심경 및 의식 등을 배우는 교양과정이 각 3개월간 진행 되며 2년 과정의 불교대학을 주간, 주말반으로 나누어 실시하며, 대학원과 경전반을 각 1년 과정으로 실시하고 있습니다.
이밖에도 신도회, 청년회, 나한대학생법회, 학생회, 어린이회 등의 신행단체와 신도회 안에 거사회, 합창단 각종 봉사단체들이 활약하고 있는 명실상부한 수행과 교육, 국제포교의 중심사찰로 거듭나고 있는 사찰이 바로 이곳 화계사입니다.",관광지,강북구
통일의 집,강북구 인수봉로 251-38,강북구 수유동 527-30,37.6410914,127.0101648,37.6410914,127.0101648,"통일의 집은 통일 운동에 힘썼던 문익환 목사가 1994년까지 거주했던 가옥으로, ‘통일의 집’이란 문익환 목사의 아내인 박용길 여사가 ‘누구나 통일을 논할 때 쓰는 공간’이라는 뜻으로 이름 붙였다. 문익환 목사는 3.1민주구국선언을 시작으로 총 6회에 걸쳐 11년간 옥고를 치렀다. 1989년 3월에는 통일의 길을 연다는 가치를 내걸고 북한을 방문해 통일 3단계 방안 원칙에 합의하는 등 민주화운동과 통일운동에 전념하였다.

2018년 시민들의 모금으로 집을 복원하여 ‘문익환 통일의 집’ 박물관으로 재개관하였으며, 집은 1980년대 문익환 목사가 살았던 시기의 모습으로 복원하였다. 또한 문 목사가 살아 있을 때 썼던 살림살이와 성명서, 원고, 옥중일기 등 많은 자료가 비치되어 있어 통일의 의미와 중요성을 가르쳐 주는 교육 공간, 통일 의지를 다지게 하는 되새김의 공간으로 자리 잡고 있다.",관광지,강북구
윤극영가옥,강북구 인수봉로84길 5,강북구 수유동 566-26,37.6464332,127.0108656,37.64652331,127.0109186,"서울특별시에선 근현대 문화유산 중 미래 세대에게 전달할만한 가치가 있는 보물을 '서울 미래유산'으로 선정, 관리하고 있다. 국립 4·19민주묘지, 문익환 가옥 등이 여기에 꼽혔는데, 윤극영 가옥은 그 가운데 가장 먼저 선정됐다는 점에서 각별한 의미를 지닌다. 1920~30년대에 활발하게 활동했던 윤극영은 동요 <반달>, <설날>, <우산 셋이 나란히>, <고드름> 등을 작곡했다. 우리나라 최초의 동요집인 <반달>을 제작해 '반달 할아버지'로도 불린다. 생전에 그가 머물렀던 가옥은 현재 반달 문화원으로 쓰이며 방문객들을 반갑게 맞이한다. 윤극영의 유품들이 전시된 공간은 오랜 세월의 흔적이 더해져 마치 할아버지댁에 온 것처럼 마음이 편안해진다. 은은하게 흐르는 동요 멜로디는 어린 시절 추억을 떠올리게 만든다.   
가까운 곳에 국립 4.19 민주 묘지, 솔밭근린공원이 있다. 동요 <반달>의 작사 작곡가인 윤극영(1903~1988) 선생이 살던 집이 수유동에 있다. 조용한 주택가에 위치한 조용한 보통 가정집으로, 선생이 말년인 1977년부터 타계하던 1988년까지 기거하던 곳이다. 선생은 <반달>말고도 <까치까치 설날>, <고기잡이>, <우산 셋이 나란히>, <꾀꼬리> 등 1백여 편이 넘는 동요의 노랫말을 짓고 곡을 썼다. 일제 강점기인 1923년에는 소파 방정환 선생과 함께 우리나라 최초의 어린이문화운동단체인‘색동회’를 만들어 어린이들을 위한 활동을 활발하게 펼쳤으며, 1924년에는 동요 단체인 ‘다리아회’를 조직해 동요 창작•작곡 운동을 벌였다. 그 공로로 1956년 제1회 소파상, 1970년에는 대한민국 국민훈장 목련상을 수상하기도 하였다. 선생의 업적과 근대 어린이 문화에 끼친 영향을 기념하기 위해, 선생이 살던 집을 서울시가 매입하고 윤극영의 유품을 기증받아 '서울시 미래유산'으로 보전하고, 기념관으로 만들어 2014년 10월에 문을 열었다.",관광지,강북구
국립 4.19 민주묘지,강북구 4.19로8길 17,강북구 수유동 580-1,37.6490326,127.0077454,37.492906,127.0342476,"광복 이후 우리나라는 좌우대립의 혼란 속에 6·25 전쟁을 맞았다. 북한의 남침으로 수많은 사람들을 죽음으로 내몬 전쟁이 가까스로 끝나고, 다시 삶을 일구려는 사람들의 노력 속에 재건의 발걸음이 힘차게 내딛어졌다.
하지만, 사람들의 기대와 달리 부패한 자유당 정부는 3·15 부정선거를 저질렀고 이에 격분한 학생들은 재선거와 정권 교체를 외치며 일어섰다. 이에 민주 시민들이 가담하면서 전국적인 민주주의 운동으로 물결쳤고 정부의 무참한 탄압에도 불구하고 결국 12년간에 걸친 독재정권을 무너뜨리기에 이르렀다.
이것이 이른바 4·19혁명으로 우리 국민의 민주주의에 대한 열망을 그대로 드러내 준 일대 사건이었다. 이때 186명에 이르는 많은 사람들이 목숨을 잃었으며 희생자와 유공자의 영혼들이 이곳에 고이 안장되어 있다.",문화시설,강북구
이시영 묘소,,강북구 수유동 73-3,37.6417834,127.0054499,37.6396099,127.0256575,"1910년 한일합병이 이루어지자, 형제들과 함께 재산을 모두 정리하여 만주로 건너가 한인 자치와 독립군 양성을 위해 경학사와 신흥강습소를 설립하는 등 독립운동에 매진했다. 해방 후 대한민국 재건에 매진하다, 1948년 초대 부통령에 당선되었다. 1949년 건국훈장 대한민국장이 수여되었고, 2012년 등록문화재로 지정되었다.",문화재,강북구
백련사,강북구 4.19로20길 142,강북구 수유동 산 127-1,37.6275044,127.0088225,37.64703693,126.9995224,백련사(白蓮寺)은 서울시 강북구 수유4동 산127-1번지 삼각산에 자리한 한국불교 태고종 소속사찰이다. 북한산 첩첩산중에는 많은 사찰들이 자리하고 있다. 유구한 역사를 지니고 있는가 하면 터만 남아 이름을 전하기도 한다. 그러나 사찰의 역사가 오래되었건 되지 않았건 모두 부처님의 연화도량임에는 변함이 없음이다. 4·19국립묘지에서 대동문으로 오르는 등산로 가에는 작은 가람이 자리하고 있다. 백련사는 산을 오르는 사람들은 그냥 스쳐지나가는 작은 사찰이지만 80여 년 전인 1930년 이은순여사가 지극한 신심으로 창건한 곳이다. 이후 많은 사람들이 머무르면서 수행과 포교의 도량으로서 자리매김하게 하였다. 그리고 오늘날에는 있는 듯 없는 듯 항상 그 자리에서 부처님의 법등을 이어가고 있다.<br>,관광지,강북구
수유동 분청사기 가마터,,강북구 수유동 산 127-1,37.6275044,127.0088225,37.6641143,127.0070369,"수유동과 우이동의 북한산 일대에서 조선 시대의 가마터가 발견되었다. 2009년 서울역사박물관에서 실시한 북한산 도요지 지표 조사 결과 고려말~조선 초기의 청자 가마터가 20여 군데나 발견된 것이다. 그중 수유동의 가마터는 특히 학계의 관심을 끌었다.
수유동 가마터는 조선 초기 한양에서 소비된 도자기를 만들어 냈던 곳으로, 도자 양식사적으로 상감청자에서 분청사기로 넘어가는 도자 생산의 변화 양상을 밝혀줄 것으로 기대되고 있다. 또한 경제사적으로는 조선 시대에 관청에서 운영한 가마인 관요가 생겨나기 전 서울 지역의 도자기 수요가 어떻게 충족되었는지를 알 수 있는 단서가 될 것으로 보고 있다. 지금까지 조선 왕실에 공급된 자기는 주로 전라도나 경상도 지역에서 만들어진 것으로 알려져 왔다. 하지만 이 가마터에서 출토된 자기 조각들로 보아 한성부에서 쓰인 자기들이 이곳에서 제작되었다는 것을 알 수 있게 되었다.
북한산 일대에 많은 가마터가 있었던 것은 고려말 왜구가 쳐들어와 전남 강진에 있던 가마들이 초토화되자, 일부 도공들이 올라와 북한산에 자리 잡은 것으로 짐작된다. 수유동 가마의 구조는 아궁이, 소성실(燒成室), 계단이 없는 단실요(單室窯)의 형태이며, 그 규모는 전체 길이 19.8m, 폭 1.4~1.6m이다. 2011년 학술 발굴조사가 이루어진 뒤 그 중요성이 입증되어 2014년 문화재로 지정되었다.",문화재,강북구
삼성암,강북구 인수봉로23길 235,강북구 수유동 산 164-5,37.630339,127.0031599,37.630339,127.0031599,"대한불교조계종 직할교구 본사인 조계사(曹溪寺)의 말사이다. 1872년에 신도 고상진(高尙鎭)이 창건하여 '소란야(小蘭若)'라고 하였다.
창건에 앞서 한양에 살았던 신도 박선묵(朴銑默)과 유성종(劉聖鐘)·서윤구(徐潤龜)·고상진·이원기(李元基)·장윤구(張潤九)·유재호(劉在護) 등 7인은 1870년 봄에 함께 발심(發心)하여 현재의 절에 있는 천태굴(天台窟)에서 3일 동안 독성기도(獨聖祈禱)를 마치고 절의 창건을 약속하였는데, 그 약속을 이행하여 1872년에 창건한 것이다.
그 뒤 1881년에 박선묵이 독성각(獨聖閣)을 신축하고 절 이름을 삼성암으로 바꾸었으며, 1936년에는 동운(東雲)이 신도 김용태(金容泰)의 시주를 얻어서 칠성각(七星閣)을 중건하였다. 1942년 7월 폭우로 인한 산사태로 절이 무너지게 되자 화계사(華溪寺) 주지 회경(會鏡)이 중창의 뜻을 세워 중현(重玄)·성섭(性攝)과 함께 대방 12칸을 세웠으며, 1943년 7월에는 혜운(慧雲)이 독성각을 다시 세웠다.
현존하는 당우(堂宇)는 1961년부터 본공(本空)·세민(世民)이 중건하고 보수하였는데, 법당인 대웅전을 중심으로 칠성각·독성각·범종각·일주문·요사채 등이 있다. 이 절은 청도 운문사(雲門寺) 사리암(舍利庵) 등과 함께 대표적인 독성기도처로 널리 알려져 있다",전통사찰,강북구
북한산국립공원 수유분소,강북구 4.19로28길 4,강북구 수유동 산 73-1,37.6431683,127.0023528,37.4781958,127.0494121,"세계적으로 드문 도심 속의 자연공원인 북한산국립공원은 1983년 우리나라 15번째 국립공원으로 지정되었다.
면적은 76.922㎢로 우이령을 경계로 하여 북쪽으로는 도봉산 지역, 남쪽으로는 북한산 지역으로 나뉜다.
북한산국립공원은 화강암 지반이 침식되고 오랜 세월 풍화되면서 곳곳에 깎아지른 바위봉우리와 그 사이로 흘러내리는 아름다운 계곡들을 이루고 있다. 또한, 2,000년의 역사가 담긴 북한산성을 비롯한 수많은 역사, 문화유적과 100여 개의 사찰, 암자가 위치하여 다양한 볼거리를 제공함과 동시에 역사 문화 학습의 장이 되고 있다. 백운봉(836.5m)을 정점으로 인수봉(810.5m), 만경봉(799.5m), 노적봉 등 많은 봉우리가 형성되어 있고, 봉우리 능선에는 1711년(숙종 37)에 축조된 총길이 8km의 북한산성이 있으며, 14개의 성문이 남아 있다. 북한산둘레길, 순국선열묘역, 전통사찰 등 많은 사찰과 유적지가 있어 사람들의 발길이 이어지며, 계곡 물이 많고 산림이 우거져 등반객들의 좋은 휴식처로 시민들의 사랑을 받고 있다.",관광지,강북구
근현대사기념관,강북구 4.19로 114,강북구 수유동 산 73-23,37.6431683,127.0023528,37.6396099,127.0256575,"대한민국임시정부의 법통을 이은 대한민국은, 그 정신사의 기원을 근대 여명기 동학농민전쟁의 인본사상에서부터 3·1만세운동의 민주공화주의, 항일투쟁과정의 자주독립정신에서 찾을 수 있습니다.
강북구는 대한민국의 정통성과 관계되는 역사적 현장인 동시에 이를 지키고자 헌신한 사월혁명 투사들의 묘역이 자리잡고 있는 민주주의의 성지입니다.
우리가 수호해야 할 최우선의 가치는 독립정신과 민주공화정신이며 이를 담은 '헌법전문'은 대한민국의 상징이며 성취해야 할 목표입니다.
강북구 근현대사기념관은 헌법정신의 요체인 '자유', '평등', '민주'의 이념이 단순히 외래의 소산이 아니라 선열들이 피땀 흘려 체득하고 축적해 온 소중한 가치임을 감동이 있는 서사로 전달함으로써, '독립운동가들이 꿈꾼 나라', '사월혁명의 투사들이 소원했던 나라'가 바로 대한민국의 미래상임을 널리 알리고자 합니다. 근현대사 기념관에는 전시실, 강의실, 기획전시실 및 열람실 등이 배치되었으며, 동학혁명에서 시작하여 3·1독립운동 등 일제강점기의 항일 독립운동, 4·19민주혁명에 이르는 일련의 근현대사 역사 유적, 자료, 유물 등이 비치되었다. 근현대사 기념관 건립은 강북구에서 ‘북한산 역사문화관광벨트’ 사업 중 최우선 역점 사업으로 추진되었으며, 인근 지역의 국립4·19민주묘지, 청자 가마터 복원, ‘반달’ 작곡가인 윤극영 선생 가옥 기념관, 3·1운동의 발원지 봉황각, 순국선열 묘역, 북한산 둘레길 등 다양한 명소와 함께 1박 2일의 관광 코스로도 주목받을 것으로 보인다.",문화시설,강북구
신익희 묘소,강북구 4.19로32길 15-6,강북구 수유동 산 74-4,37.6404885,126.9996828,37.6453436,127.0000438,"신익희 선생은 1918년 미국 대통령 윌슨의 민족자결주의가 발표되자 독립운동에 뛰어들어, 만주•북경•상해 드나들면서 해외독립운동원과의 연락을 맡아보고, 안으로는 민족지도자들과 독립운동의 방법을 토의하여 3•1운동의 도화선을 당기는데 주요 역할을 담당하였다. 광복 이후에는 귀국하여 초대 국회부의장에 선출되어 활동하면서 대한민국 건국에 크게 공헌하였다. 1962년 건국훈장 대한민국장이 추서되었다.",문화재,강북구
김창숙 묘소,,강북구 수유동 산127-4,37.6453436,127.0000438,37.6453436,127.0000438,"1905년 을사늑약이 체결되자 을사오적의 목을 베라고 상소하였으며, 1907년 국채보상운동에 앞장서 활약하였다. 1909년 친일단체인 일진회가 한일합병론을 제기하자, “이 역적들을 성토하지 않는 자 또한 역적이다”라고 토로하면서 매국노를 규탄하는 성토문을 작성하여 민족적 각성을 촉구하기도 하였다. 3.1 독립운동 이후 활발한 독립운동을 하였으며, 해방 후 성균관 대학을 재건하여 후진을 양성하다 1962년 영면하였다. 1962년 건국훈장 대한민국장이 수여되었다.
",,강북구
여운형 묘소,강북구 삼양로155길 28,강북구 우이동 106-1,37.6566583,127.0119721,37.6566583,127.0119721,"여운형 선생은 일제강점기에 활동한 교육자이자 민족계몽운동가로, 1914년 중국으로 건너가 난징과 상하이 등지에서 독립운동을 전개하였으며, 신한청년당을 조직해 총무간사로 활동하며 김규식을 파리강화회의에 대표로 파견했다. 대한민국 임시정부가 조직되자 임시의정원 의원 외무부 차장 등을 지냈으며, 중국혁명운동에 참여했다가 일제 경찰에 체포되어 감옥 생활을 하였다. 후에 조선중앙일보사 사장을 지냈으나, 1936년 손기정 선수의 일장기 말소사건으로 신문이 폐간되어, 비밀지파 독립운동 단체인 건국동맹과 농민동맹을 결성하여 활동하였다. 해방 뒤 안재홍 등과 건국준비위원회를 조직해 통일 임시정부 수립을 위한 좌우합작운동을 전개하였으나, 좌우합작을 반대하는 좌, 우익 양측으로부터 테러를 당하는 등 고통을 겪다가 1947년 7월 암살을 당하고 말았다. 2005년 건국훈장 대통령장이 추서되었고, 2008년 다시 건국훈장 대한민국장이 추서되었다.",문화재,강북구
우이동 만남의광장,,강북구 우이동 186-5,37.6618035,127.0077206,37.6618035,127.0077206,"우이동 만남의 광장은 지역주민들뿐만 아니라 경전철 완공과 함께 늘어날 북한산 방문객들을 위한 만남과 휴식, 여가와 문화를 즐길 수 있는 다목적 공간입니다. 또한 무장애 산책로를 조성해 휠체어를 타고도 공원 이용이 편리하도록 장애가 있는 구민을 배려했으며, 강북문화예술회관 입구에 놓여있던 현충비와 안내판을 공원 내로 이전해 애국애족의 정신을 기릴 수 있는 추모공간도 조성되어 있습니다.",관광지,강북구
우이동 먹거리마을,강북구 삼양로181길 45,강북구 우이동 216-14,37.665893,127.0102674,37.67281458,127.0047156,"우이동은 도봉산과 북한산 사이의 계곡에 있는 시민의 휴식처로 우이동 입구에서왼쪽은 백운대로 오르는 등산길이며, 도선사를 경유하여 인수봉 정상을 오를 수 있다. 20분 가량 올라가면 원불교 수도원, 성불사, 용덕사, 선운사, 광명사 등 사찰을 찾을 수 있으며 입구에서의 들뜬 분위기는 이내 차분해지며 또 다른 운치를 느낄 수 있다. 산 정상으로는 현재 군부대가 상주하여, 생태계가 서울에서도 드물게 잘 보존되는 우이령, 일명 바위고개로 이어진다. 우이동에서는 우이암으로 이어지는  등산로가 열린다. 우이암까지 가는 길은 꽤 험한데 우이암 옆을 지나 도봉산 주릉으로 올라서게 되어 있다.  이곳에서 북으로 뻗은 주릉을 타거나 성황당, 도봉유원지로 하산하면 된다.<br /><br />※ 우이령은 예약자만 탐방이 가능하다. <br>",관광지,강북구
봉황각,강북구 삼양로173길 107-12,강북구 우이동 254,37.6602385,127.0060141,37.6602385,127.0060141,"우이동 만남의광장에서 도선사 방향으로 가는 초입에 한옥 건물이 한 채 단아하게 서 있다. 천도교 건물인 봉황각이다. 봉황각은 일제강점기인 1912년, 의암(義菴) 손병희선생(1861~1922) 이 천도교 지도자들을 양성할 목적으로 건립한 교육 시설이다. 손병희 선생은 이곳에서 1912년부터 3년 동안 수련회를 열고 전국의 천도교 지도자들을 7차례에 걸쳐 49일씩 교육하였다. 이곳에서는 종교 지도자 교육 뿐 아니라 독립정신 교육이 이루어졌고, 이때 교육을 받은 교역자 483명은 훗날 3·1만세운동의 주도적 역할을 맡았다. 3·1운동 민족대표 33인 가운데 15명이 이곳에서 배출되었으니, 그 영향력이 어떠했을지 짐작이 되고도 남을 일이다.
봉황각은 총 7칸 규모의 목조 가옥에 기와로 지붕을 얹었으며, 건물 평면이 새 을(乙)자를 이루고 있다. 천도교의 핵심 사상인 우주 만물의 순환 작용과 활동을 형상화한 것이라고 한다. 현판의 글씨는 3.1운동 민족대표 33인중 1인인 한암 오세창 선생이 썼으며, '봉황각'이라는 이름은 천도교 교조인 최제우의 시에 자주 나오는 '봉황'이란 낱말을 따서 지은 것이다.
이곳 봉황각과 부속 건물에는 손병희 선생이 1912년부터 7년 동안 거주했으며, 그 당시의 유물이 전시되어 있다. 봉황각 앞쪽 약 50m 지점에는 손병희 선생의 묘소가 자리하고 있다.
봉황각은 한국 독립운동사에서 독립의 일꾼들을 키워 낸 중요한 산실의 역할을 한 곳으로, 지금은 많은 학생과 시민들의 역사 탐방 장소가 되고 있다.",문화재,강북구
보광사,강북구 삼양로145길 176,강북구 우이동 76-19,37.6493724,127.0033815,37.65005332,127.0034858,"보광사(普光寺)는 서울시 강북구 우이동 76-19번지 삼각산에 자리한 재단법인 선학원 소속사찰이다. 소나무가 빼곡히 들어서 숲을 이룬 우이동의 솔밭공원을 지나 포장된 길을 따라 걷다보면 삼각산 기슭에 자리한 보광사에 닿는다. 수십 년 전만 해도 이곳은 숲의 한가운데였지만 지금은 도심과 바로 이웃하고 있어 산을 한참이나 올라왔다는 것을 느끼지 못한다. 보광사는 1788년(정조 12) 금강산에서 수도한 원담스님이 신원사를 창건한 것이 그 시초이다. 이후 한국전쟁으로 인해 소실되고 일부 건물만이 남아 법등을 겨우 이어 왔었다. 그러던 것을 1979년 남산당(南山堂) 정일(正日) 스님이 포교의 원을 세우고 이곳에 주석하면서 불사를 시작하여 1980년 11월 보광사로 절 이름을 바꾸었다. 이후 스님은 가람을 일구어 오늘의 모습이 되도록 하였고, 대승경전산림법회와 참선법회를 정기적으로 열어 사람들에게 부처님의 가르침과 선법을 전하여 스스로 바른 길을 찾게 하였다. 이로서 보광사는 스님의 발원대로 명실상부한 포교의 도량으로서 자리매김하게 되었다. 이렇게 대중 교화에 혼을 쏟으셨던 정일스님은 세연이 다해 2004년 열반에 드시고 말았다. 이후 보광사 대중들은 보다 발전적인 모습으로 스님의 뜻을 이어나가고 있다.<br>  보광사(普光寺)는 서울시 강북구 우이동 76-19번지 삼각산에 자리한 재단법인 선학원 소속사찰이다. 소나무가 빼곡히 들어서 숲을 이룬 우이동의 솔밭공원을 지나 포장된 길을 따라 걷다보면 삼각산 기슭에 자리한 보광사에 닿는다. 수십 년 전만 해도 이곳은 숲의 한가운데였지만 지금은 도심과 바로 이웃하고 있어 산을 한참이나 올라왔다는 것을 느끼지 못한다.

보광사는 1788년(정조 12) 금강산에서 수도한 원담스님이 신원사를 창건한 것이 그 시초이다. 이후 한국전쟁으로 인해 소실되고 일부 건물만이 남아 법등을 겨우 이어 왔었다. 그러던 것을 1979년 남산당(南山堂) 정일(正日) 스님이 포교의 원을 세우고 이곳에 주석하면서 불사를 시작하여 1980년 11월 보광사로 절 이름을 바꾸었다. 이후 스님은 가람을 일구어 오늘의 모습이 되도록 하였고, 대승경전산림법회와 참선법회를 정기적으로 열어 사람들에게 부처님의 가르침과 선법을 전하여 스스로 바른 길을 찾게 하였다. 이로서 보광사는 스님의 발원대로 명실상부한 포교의 도량으로서 자리매김하게 되었다. 이렇게 대중 교화에 혼을 쏟으셨던 정일스님은 세연이 다해 2004년 열반에 드시고 말았다. 이후 보광사 대중들은 보다 발전적인 모습으로 스님의 뜻을 이어나가고 있다.
",관광지,강북구
박을복자수박물관,강북구 삼양로149가길 53,강북구 우이동 86-4,37.6537404,127.0087107,37.6537404,127.0087107,"북한산 백운대 자락에 위치하여 2002년 5월 25일에 개관한 박을복 자수 박물관은 전통자수와 근·현대회화의 흐름을 결합시켜 한국 현대자수 발전에 기여한 박을복 선생(1915∼2015)의 업적을 기리는 한편 각종 문화예술에 기여하기 위하여 설립되었다. 선생의 작품 40여점을 전시하여 그동안 관람이 용이하지 않았던 감상 자수를 일반에게 선보여 문화향수의 기회를 제공하고 있으며 한국 근·현대 자수의 역사를 재정리해 놓았다. 또한 다양한 프로그램을 통해 대중을 위한 전통문화교육의 장으로, 문화예술체험 공간으로 역할하기를 기대하고 있다.

박물관 내 1층의 제 1 기획전시장은 봄ㆍ가을기획전시가 이루어지고 있다. 봄과 가을기획전시는 미술 분야 전반에 걸친 다양한 주제로 전시를 기획하고 있다. 박물관 내 2층의 제 2 상설전시장은 박을복 선생의 작품으로 상설전시가 열리고 있다. 또한 다양한 교육프로그램을 진행하면서 시민들을 위한 공간으로 활용하고 있다.  

건물은 1967년 건축가 정인국(1916∼1975, 홍익대학교 건축학부장, 한국건축가협회 회장 역임)이 설계한 주택으로 역시 건축가인 정명원(건축가 정인국의 子, 홍익대학교 건축과교수)의 리모델링 작업에 의하여 박물관으로 개조되었다.  북한산 백운대 자락에 위치한 박을복자수박물관은 전통자수와 근현대회화의 흐름을 결합시켜 한국 현대자수 발전에 기여한 박을복선생(1915~2015)의 업적을 기리는 한편 각종 문화예술에 기여하기 위하여 설립되었다. 박을복 선생의 작품들을 전시하여 그동안 관람이 용이하지 않았던 감상 자수를 일반에게 선보여 문화향수의 기회를 제공하며, 한국 근현대 자수의 역사를 재정리해 놓았다. 또한 다양한 프로그램을 통해 대중을 위한 전통문화교육의 장으로, 문화예술체험 공간으로 역할하기를 기대한다.",문화시설,강북구
우이동 청자 가마터,,강북구 우이동 산 21-1,37.6644765,127.0057581,37.566535,126.9779692,"2011년 수유동에 이어 2012년에는 우이동의 북한산 일대에서 청자 가마터가 발굴되었다. 우이동 청자 가마터 또한 수유동 분청사기 가마터와 마찬가지로 조선 초기 한양에서 소비된 도자기를 생산했던 가마터로, 도자 양식사적으로 상감청자에서 분청사기로 넘어가는 도자 생산의 변화 양상을 보여준다.
가마의 구조는 요전부(窯前部), 아궁이, 소성실, 연도부 (煙道部)로 이루어진 계단이 없는 단실요로, 가마의 규모는 전체 길이 21.1m, 폭 1.4~2.0m, 경사도는 14도 가량이다.
아궁이 앞에 불을 지피기 위한 공간인 요전부의 크기는 길이 90cm, 최대 폭 140cm이며, 아궁이는 최대 폭 140cm, 길이 130cm, 깊이 100cm로 입구로 갈수록 좁아지는 형태이다. 가마터는 보존을 위해 흙을 덮어 둔 상태이다.",문화재,강북구
손병희 묘소,,강북구 우이동 산 28-1,37.6587198,127.0046834,37.6587198,127.0046834,"손병희 선생은 조선 말 동학에서 발전한 천도교의 제3세교조이자 3.1독립운동을 주도하고 성사시킨 혁명가이자 사상가, 민족의 지도자이다. 선생은 제2세 교조인 최시형 밑에서 동학의 지도자로 성장한 뒤 보성학교(현 고려대학교)와 동덕여학교(현 동덕여자대학교)를 비롯한 수십개의 학교를 운영하는 등 교육 사업에도 열정을 쏟았으며, 독립선언식을 기획하고 각 종교계의 인사들을 규합해 나갔다. 그리고 마침내 1919년 3월 1일, 29인의 민족대표가 태화관에 모여 역사적인 독립선언식을 거행하였다. 그러나 선생은 3.1운동 주도자로 체포되어 옥고를 치르다가 1920년 10월 병보석으로 출옥한 뒤 그 여독으로 1922년 5월 병사하여 이곳 언덕에 안장되었다. 문화재청은 2012년 선생의 묘역을 등록문화재로 지정하였다.",문화재,강북구
우이동계곡,강북구 삼양로159길 60-7,강북구 우이동 산 40-1,37.6585502,127.0094695,37.67285624,127.0047073,"우이동'은 도봉산과 북한산 사이의 계곡에 있는 시민의 휴식처로 우이동 입구에서 왼쪽은 백운대로 오르는 등산길이며, 도선사를 경유하여 인수봉 정상을 오를 수 있다. 오른쪽으로 관광호텔, 놀이공원, 웨딩홀 등을 갖춘 그린파크호텔을 기점으로 유원지가 시작된다. 계곡의 맑고 시원한 냇물을 끼고 각종 별미를 자랑이라도 하듯이 음식점 등이 줄을 이으며 여름철 닭죽은 진미이다. 민박도 가능하며 3,4월에는 대학생들의 MT장소로 선호된다.<br /><br />이렇게 20분 가량 올라가면 원불교 수도원, 성불사, 용덕사, 선운사, 광명사 등 사찰을 찾을 수 있으며 입구에서의 들뜬 분위기는 이내 차분해지며 또 다른 운치를 느낄 수 있다. 산 정상으로는 현재 군부대가 상주하여, 생태계가 서울에서도 드물게 잘 보존되는 우이령, 일명 바위고개로 이어진다. 우이동에서는 우이암으로 이어지는 등산로가 열린다. 우이암까지 가는 길은 꽤 험한데 우이암 옆을 지나 도봉산 주릉으로 올라서게 되어 있다. 이곳에서 북으로 뻗은 주릉을 타거나 성황당, 도봉유원지로 하산하면 된다.<br>",관광지,강북구
신검사,강북구 삼양로179길 209-44,강북구 우이동 산 68-1,37.6679006,126.9988537,37.6679006,126.9988537,"신검사 경내에는 높이 6m에 이르는 석축이 20~40m 길이로 남아있음을 볼 수 있다. 거대한 자연석으로 쌓은 이 석축은 신라이래 고려시대까지 전해진 고식(古式)이다.
그런가하면 거대한 장대석과 주초석 등의 석재가 남아있어 고찰이었음을 알려주고 있다. 또한 1970년 경내에서 고려시대의 소조나한상이 출토된 점과 1998년에는 고려청자와 조선백자, 금동불상 등이 발견되어 유물로도 사찰의 역사가 오래되었음을 뒷받침하고 있다.
언제부터인지는 모르지만 원래의 절 이름은 성불사(成佛寺)였는데 한국전쟁 때 소실되어 터만 남게 되었다. 그러던 것을 1959년 박은강스님이 지금의 자리에 법당과 산신각을 짓고 법등을 이었다.
그후 1997년 신검사로 절 이름을 바꾸고 중수를 하였으며, 2005년 의전(義田)스님이 퇴락한 산신각을 대신하여 삼성각과 오성전을 새로 지어 오늘에 이르고 있다.",전통사찰,강북구
도선사,강북구 도선사길 278,강북구 우이동 산 69,37.6554935,126.9897725,37.6554935,126.9897725,"도선사는 신라 말인 862년(경문왕 2년), 유명한 도승인 도선국사가 절을 세운 뒤, 손으로 큰바위를 갈라 주장자로 마애불입상(서울시 유형문화재 제34호)을 새겼다고 전해지는 곳이다. 조선조 광무 7년에 정식으로 국가기원 도량으로 지정받은 도선사는 청담대종사의 대원력으로 오늘날의 사격을 갖춘 큰 가람(伽藍)으로 중흥하게 되었다. 외에 목아미타불·대세지보살상(서울시 유형문화재 제191호), 도선사 석 독성상(서울시 유형문화재 제192호), 도선사 출토 동종 및 일괄 유물(서울시 유형문화재 제259호) 등의 문화재도 보유하고 있다. 우이동 버스 종점에서 사찰 진입로인 포장도로길 청담로를 따라 '도선고개'와 청담대종사의 진필 휘호인 ""자비무적, 밤생도량""이 새겨진 자비문과 바위고개 청담폭포 등을 지나 2.5km쯤 오르면 삼각산의 주봉인 백운대 만경봉 인수봉을 배경으로 도선사의 현관인 안양암과 마음의 광장이 나타난다.호국참회 본찰 도선사는 1,100여 년전 신라말의 유명한 도승 도선국사가 명산승지를 답사하다가 산세가 절묘하고 풍경이 청수하여  천년후 말세 불법이 재흥하리라' 예견하고 건립한 사찰이다. 그 후 도선국사는 신통력으로 사찰 옆에 서있는 큰 바위를 반으로 잘라 그 한쪽 면에다 20여책에 달하는 관세음보살상을 주장자로 새겼다고 하는데 , 이 마애불상은 정으로 쪼은 흔적을 찾을 수 없어 불가사의로 남아 있다.<br /><br />조선조 광무 7년에 광무황제로부터 정식으로 국가기원도량으로 지정받은바 있는 도선사가 오늘날의 위용을 갖추게 된 것은 조계종단의 종점과  총무원장, 종회의장, 장로원장 등을 두루 역임하신  한국불교정화유신운동의 총수 청담대종사의 대원력에서 기인한 것으로, 수행불교, 실천불교, 생활불교로 불교의 중흥을 꾀하자는 청담대종사의 호국참회사상이 대종사의 뜻을 받든 제자들과 고 육영수 대덕화보살을 비롯한  뜻있는 신남신녀들의 지극한 정성으로 모아져 호국참회사상을 펼치는 근본도량으로 크게 중창되었다.경내로 들어서면 호국참회원의 옹자와 마주치는데, 이 건물의 청담기념관에서는 청담대종사의 유물과 선필을 만날 수 있다.<br /><br /> 천불전으로 오르는 길 옆 연못청담 심지에서는 참배객들이 동전을 던지며 소원을 빌기도 한다.  명부전에는 생전 인연이 깊었던 고 박정희대통령과 고 육영수 여사(대덕화), 고 정주영 현대그룹 회장의 영정이 봉안되어 있으며, 명부전 앞뜰에는 200여 년전 어떤 고승이 인도에서 가져와 심었다는 보리수가 고목이 되어 있고, 12세 소년이 썼다는 기록이 새겨진 대웅전 현판글씨는 보는 이들의 감탄을 자아내게 한다. 대웅전 옆 계단을 오르면 도선국사가 새겼다는 마애불상이 있는 석불전이 나오는데, 이곳은 관세음보살 기도영험이 있는 곳으로 알려져 일년 내내 기도객의 발길이 끊이지 않는 곳이다. 절의 용암문을 거치면 백운대와 인수봉으로 오르는 등산로가 이어진다.<br>",관광지,강북구
본원정사,강북구 삼각산로 1,강북구 인수동 산 125,37.6373881,127.005223,37.63728817,127.0052888,"본원정사(本願精舍)는 서울특별시 강북구 수유동 삼각산에 자리한 대한불교조계종 대각회 소속의 사찰이다. 지장보살은 석가모니 부처님과 미륵불 사이인 부처님 없는 시대에 중생들을 교화하는 대비보살이다. 특히 지옥에서 고통 받는 중생들을 구원하기 위해 지옥에 들어가 교화해 제도하는 보살로 널리 알려져 있다. 《지장보살본원경》에는 지장보살이 석가모니 부처님에게 한 서약의 내용이 있다. 즉 “지옥이 텅 비지 않는다면 결코 성불을 서두르지 않겠나이다. 그리하여 육도의 중생이 다 제도되면 깨달음(菩提)을 이루리다.” 이는‘한시바삐 성불하여 부처님과 같은 거룩한 모습을 갖추겠다’는 것이 아니라, 미래의 세상이 다할 때까지 고통 받는 중생을 구제하고 그들을 남김없이 해탈케 한 다음 부처가 되겠다는 것이다.<br />이러한 지장보살의 서원은 서원(誓願) 중의 서원, 가장 근본이 되는 원으로 모든 보살과 부처가 존재할 수 있는 근거가 되는 본원(本願)인 것이다. 삼각산 아래의 본원정사에는 한국전쟁 때 태고사에 불이 나서 옮겨왔다고 전하는 목조지장보살좌상이 봉안되어 있다. 1980년대 초 주지소임을 맡은 원성스님은 이 지장보살상에 감화를 받아 지장보살의 본원을 따르고자 서원을 하였다고 한다. 그래서 절 이름도 본원정사로 바꾸었다. 이후 본원정사를 사바세계 중생들의 몸과 마음의 병을 다스릴 수 있는 도량으로 만들어 가고 있다. 또한 언제나 열려있는 도량으로 서울시민과 불자들에게 번잡한 마음을 쉴 수 있게 하고, 기도할 수 있는 도량으로 본원정사를 장엄하고 있다.<br>  지장보살은 석가모니 부처님과 미륵불 사이인 부처님 없는 시대에 중생들을 교화하는 대비보살이다. 특히 지옥에서 고통받는 중생들을 구원하기 위해 지옥에 들어가 교화하여 제도하는 보살로 널리 알려져 있다.

이러한 지장보살의 서원은 서원(誓願) 중의 서원, 가장 근본이 되는 원으로 모든 보살과 부처가 존재할 수 있는 근거가 되는 본원(本願)인 것이다. 본원정사에는 한국전쟁 때 태고사에 불이 나 옮겨왔다고 전하는 목조지장보살좌상이 봉안되어 있다. 1980년대 초 주지소임을 맡은 원성스님은 이 지장보살상에 감화를 받아 지장보살의 본원을 따르고자 서원을 하였다고 한다. 그래서 절 이름도 본원정사로 바꾸었다.

이후 본원정사는 사바세계 중생들의 몸과 마음의 병을 다스릴 수 있는 도량으로 만들어 가고 있다. 또한 언제나 열려있는 도량으로 서울시민과 불자들에게 번잡한 마음을 쉴 수 있게 하고, 기도할 수 있는 도량으로 본원정사를 장엄하고 있다.",관광지,강북구
광륜사,도봉구 도봉산길 86-1,도봉구 도봉1동 401,37.68772,127.0354697,,,,,도봉구
김근태기념도서관,도봉구 도봉산길 14,도봉구 도봉동 279,37.6876202,127.0440062,37.687932,127.033625,"김근태기념도서관은 민주주의ᆞ인권 특화도서관으로 민주주의자 고 김근태의 민주적 삶을 도서관, 전시관, 기록관 곳곳에 담은 시민에게 열린 복합문화 공간입니다. 김근태기념도서관에 찾아오는 시민이면 누구나 도서, 기록, 전시, 공연, 체험, 교육문화프로그램을 통해 고 김근태의 민주주의 삶을 토대로 한 평화, 인권, 경제, 정치 등의 다양한 이야기를 만날 수 있습니다.
김근태기념도서관은 공익기관이자 민주주의를 정착시키는 보루로, 정보격차와 불평등을 해소하는 사회적 장치로, 평생학습과 지식정보의 생산기지로, 민주주의 실현의 주체인 시민이 보다 성숙한 시민의식의 역할을 다할 수 있는 민주주의의 장이 되겠습니다.",도서관,도봉구
서울창포원,도봉구 마들로 916,도봉구 도봉동 4-1,37.6892727,127.0475814,37.6893801,127.0481278,"서울 강북의 끝자락인 도봉산과 수락산 사이에 세계 4대 꽃 중 하나로 꼽히는 붓꽃(Iris)이 가득한 특수식물원이 들어섰다. 도봉구 도봉동 4번지 일대 52,417㎡에 새롭게 조성한 서울창포원은 붓꽃원, 약용식물원, 습지원 등 12개의 테마로 구분 조성됐다. 이중 붓꽃원에는 130종의 다양한 붓꽃 30만본을 약 15,000㎡의 면적에 식재해 종류별로 붓꽃의 아름다움을 감상할 수 있게 만들었다. 이곳에는 노랑꽃창포, 부채붓꽃, 타래붓꽃, 범부채 등 꽃봉오리가 '붓' 모양을 한 붓꽃류 130여종 30만본이 1만5천㎡에 걸쳐 식재돼 있어 '창포원'으로 이름 붙여졌다.  또한 약용식물원에는 70종 13만본이 식재돼 있어 국내에서 생산되는 약용식물 대부분을 한자리에서 관찰할 수 있다. 습지원은 습지식물 7만본이 식재돼 있으며, 각종 수생식물과 습지생물들을 관찰할 수 있도록 관찰데크가 설치됐다. 이밖에 군락지 식생의 변화과정을 관찰할 수 있는 천이관찰원을 비롯, 숲속쉼터 등을 조성해 주민들에게 생태교육 및 여가와 휴식공간으로 제공할 계획이다. 붓꽃(Iris)은 매년 5~6월 개화하며 꽃이 없을 때에도 잎 모양이 난과 비슷해 관상용으로 좋다.<br /><br />* 주요식물<br />수목 : 낙우송, 느티나무, 스트로브잣나무, 소나무 등 39종  2,726주<br />관목 : 갯버들, 골담초, 조팝나무, 사철나무, 화살나무 등 18종 57,035주<br />초화 : 달뿌리풀, 맥문동, 터리풀, 구절초, 물억새, 꽃나리 등 46종 438,512본<br />붓꽃  : 꽃창포, 노랑꽃창포, 부채붓꽃, 타래붓꽃, 범부채 등 130종 218,453본<br>",관광지,도봉구
도봉서원과 각석군,,도봉구 도봉동 404,37.686711,127.0349329,37.688253,127.0291572,"도봉서원은 1573년에 창건된 서울시 현존하는 유일의 사액서원으로서 1573년(선조6년) 양주 목사(楊州牧使)로 부임한 남언경(南彦經)이 조광조(趙光祖)의 학문과 행적을 기리는 뜻으로 도봉서원을 건립하였다.
1696년(숙종22년)에는 도봉서원에 우암(尤庵) 송시열(宋時烈, 1607~1689)을 추가 배향하는 등 당시 명실상부, 최고 권위로서 서원의 위상을 가지게 되었으나 19세기 말 흥선대원군의 서원철폐령으로 1871년 훼철되었으나, 1971년 복원되어 매년 음력 3월과 9월이면 전국 유림 및 지역유지가 모여 전통향사를 지내오고 있으며 그 역사적 가치를 인정받아 2009년 10월 22일에 “서울특별시 기념물 제29호”로 지정되었다.
도봉구는 2011년도에 학술적 고증을 통한 조선시대 중건 당시의 서원으로 복원하기 위해 기존에 있던 도봉서원의 사우, 담장, 홍살문 등 철거하고 정비 추진계획을 수립하였고
도봉서원 터 정비를 위하여 2011년 8월부터 2019. 6월까지 총 3차례에 걸친 발굴조사를 실시하였는데, 제1차 발굴조사 때는 보물급 유물인 금강저와 금강령 등 철기유물 28점 및 청동유물 77점이 출토되었다.
2021. 8. 24. 문화재청에서 위 유물중 금강령, 금강저 등 영국사지 출토 의식공양구 10점을 보물로 지정하였으며, 현재 한성백제박물관에 보관중이다.
2017년 6월부터 12월까지 제2차 발굴조사를 진행한 결과, 명문으로만 전해진 영국사 혜거국사비편이 출토되는 등 기와류, 자기류, 도기류 등 총 192점이 출토되었다. 아울러, 혜거국사비편의 내용에는 도봉산 영국사라는 명문이 판독됨에 따라 이 터가 고려시대 영국사 터였음이 새롭게 밝혀졌다.
그러나, 도봉서원의 명확한 유구 확인을 위해 추가 발굴조사가 필요하다는 의견이 있어 2018년 5월부터 2019년 6월까지 진행한 제3차 발굴조사를 통해 서원의 사당 담장열 및 탑지 등이 발견되어 도봉서원 터 정비의 학술적 근거를 마련하게 되었다.
이에 따라, 도봉서원 터 정비를 위한 발굴지 복토 및 중요유물을 수습, 도봉서원 터 수해예방시설 설치공사, 도봉서원 터 종합정비계획 용역 수립 및 건칠불상 유물 수습 보존처리를 실시하였다.
현재는 도봉서원 터 정비에 대한 사단법인 도봉서원, 불교계(조계종), 서울시 관계부서와 협력하여 최종안을 도출하고자 노력하고 있으며 이를 통해 향후, 서울시 문화재심의위원회에 상정하려는 계획을 가지고 있다.
향후, 정비가 완료된다면, 도봉서원은 도봉산의 아름다움과 더불어 서울시의 대표적인 문화관광 명소이자 청소년들의 전통교육의 장으로 자리 잡아 지역발전의 계기가 될 것이다.",문화재,도봉구
국립공원공단 북한산생태탐방원,도봉구 도봉산길 86,도봉구 도봉동 405,37.6874789,127.0340839,37.68731899,127.0346736,"국내 유명 등산가들이 고봉을 등정하거나 극지대를 탐험할 때 휴대한 장비들이 전시되어 있어 산악인들이 즐겨찾는 곳이다. 대한산악연맹에서 206점, 일반 산악인들에게 400여 점 총 600여점을 기증받아 전시하고 있으며, 국내 3대 산악잡지와 전문 산악서적이 3,300여권이 전시되어 있는 등 우리나라 등산의 근대적  태동기부터 최근 해외원정까지 등산의 역사를 반영하는 각종 진귀한 전시품들이 전시되어 있다.<br>",문화시설,도봉구
산악박물관,도봉구 도봉산길 86,도봉구 도봉동 405,37.6874789,127.0340839,37.687509,127.034663,"산악박물관은 2011년 10월 1일 개관하였으며 북한산국립공원 도봉산에 위치하고 있는 국립공원 생태탐방연수원내에 있다. 산악박물관은 247㎡ 면적의 작은 규모이지만 과거 산악인들이 국내외에서 활동하며 사용했던 장비 200여점이 전시되어 있어 우리나라가 산악강국으로 우뚝 서게 된 발자취와 산악인의 혼을 엿볼 수 있다. 특히 30~40년대 사용되었던 신발 밑바닥을 삼줄로 만든 등산화와 명품족이 사용했던 가죽배낭이 눈길을 끌고 있으며, 모형으로 만들어진 암벽과 빙벽에는 우리나라 최초의 등반용 헬멧과 각종 빙설장비, 피켈 등이 전시되어 있다.",박물관,도봉구
무수골계곡,,도봉구 도봉동 468-1,37.6761955,127.032337,37.67635633,127.0323019,"경기도 의정부와 맞닿은 서울의 최북단 도봉산은 자운봉 740m와 오봉산 683m의 높은 봉우리 아래로 용어천계곡, 문사동계곡, 원도봉계곡 등이 있다. 산 정상에서 마을로 내려가는 마지막 자락에 길게 뻗은 계곡이 있는데 그곳이 도봉계곡 또는 무수골계곡이라고도 불린다. 이곳은 많은 바위와 물줄기를 만날 수 있는 곳이다. 여름철 더위를 피해 산과 물을 찾는 사람들에게 사랑받는 인기 계곡이다. 1호선, 7호선 도봉산역을 통해 찾아갈 수 있다.",관광지,도봉구
도봉사,도봉구 도봉산길 89,도봉구 도봉동 494-2,37.6854889,127.0302742,37.68556555,127.0302842,"치성광여래삼존도는 치성광여래(熾盛光如來)를 중심으로 북두칠성과 해와 달, 三台六星, 28宿 등 하늘의 별들을 여래, 보살, 도인 등의 모습으로 의인화하여 그린 불화로서, 산신도, 독성도와 함께 사찰 내의 삼성각에 봉안되거나 별도로 독립된 칠성각에 봉안된다. 도봉사 치성광여래삼존도는 관허당 의관을 수화승으로 하여 두명의 화승이 제작한 것으로 1m 내외(113×93.5cm)의 작은 화면에 정면 좌상의 치성광여래 좌우에 시립한 일광보살과 월광보살이 각각 붉은 해와 흰 달이 그려진 보관을 쓰고 본존을 향해 측면향으로 선 간략한 삼존 형식이다. 화면 아래에서 뻗어오른 줄기가 달린 연화대좌 위에 결가부좌한 치성광여래는 갸름한 얼굴에 육계가 뾰족하며 오른손은 가슴 부근에, 왼손은 복부에 두어 엄지와 중지를 맞댄 손모양이다. 이같은 치성광여래의 모습은, 서울 미타사 치성광여래삼존도(1874년), 서울 봉은사 치성광여래삼존도(1886년) 등 금륜(金輪)을 든 치성광여래가 우차(牛車)를 탄 전통적인 도상을 계승한 치성광여래삼존도와 더불어 조선후기에 성행했던 치성광여래삼존도 도상 가운데 하나이다. 일광보살과 월광보살은 각기 손에 흰 연꽃줄기와 여의를 들고 치성광여래를 향해 몸을 틀고 서있는데, 천의 자락이 길게 늘어져 다소 번잡한 느낌을 준다. 치성광삼존 위로는 갖가지 색으로 장엄한 보개(寶蓋)와 채운(彩雲)이 가득 그려져 있다. 화기에 의하면 이 치성광여래삼존도는 원래 ‘取頂山 □□寺內院庵’에 봉안되었다고 하는데, 내원암은 어디인지 확실하게 알 수 없지만 취정산은 대구 가창댐에서 헐티재로 가는 곳에 위치한 산인 것으로 보아 이 불화가 경상북도 지역에서 제작 봉안되었음을 확인할 수 있다.",문화재,도봉구
원통사,도봉구 도봉로169길 520,도봉구 도봉동 546,37.683036,127.0106122,37.6831357,127.0103926,"원통사(圓通寺)은 서울시 도봉구 도봉산에 자리한 대한불교 조계종 1교구인 조계사의 직할사찰이다. 원통사는 예로부터 좌우에 수락산과 삼각산을 거느리고 한강을 바라보는 도봉산의 최고 길지에 자리잡은 수행기도처로 알려져 왔다. 조선초기의 무학대사를 비롯해서 근대에는 만공 · 동산 · 춘성스님 등 선지식이 이곳에 머물면서 큰 깨달음을 얻었으며, 많은 사람들에게 있어서는 관음기도 도량으로도 유명하다. 또한 조선 영조 때 영의정을 지냈던 조현명, 서명균 등이 나라의 일을 이야기하며 심신을 닦았던 곳으로 당대 유학자들 사이에 명소로 이름 높았다.<br /><br /> 현재 경내에는 조선 태조 이성계가 기도했다는 석굴이 있으며, 약사전 아래 큰 바위에는 태조가 기도를 마치던 날 천상의 상공(정승)이 되어 옥항상제를 배알하는 꿈을 꾸었다하여 새겼다는 《상공암(相公岩)》이라는 글씨가 있다. 그런가하면 절 뒤쪽에 있는 우이암으로 불리는 바위는 관음보살이 부처님을 향해 기도하는 형상을 하고 있어 원래는 &lt;관음봉&gt; 으로 불리었다고 한다. 주변의 자연 지세를 자세히 살펴보면 호랑이 · 코끼리 · 학 등 여러 동물 모습을 한 바위들이 이 바위를 향해 머리를 조아리고 있는 형상이다. 그래서인지 사람들은 이곳을 천혜의 관음성지라고 믿고 있다.<br>",관광지,도봉구
천축사 목조석가삼존불,도봉구 도봉산길 92-2,도봉구 도봉동 549,37.694097,127.0193527,37.69422173,127.0193518,"목조석가삼존불좌상(석가불, 미륵보살, 제화갈라보살)은 조선후기 전형적인 불상 양식을 따르고 있다. 목조석가여래좌상은 높이가 88.5㎝로, 조선후기에 제작된 중형 불상이다. 불상은 얼굴을 앞으로 약간 내밀어 구부정한 자세를 취하고, 얼굴이 신체에서 차지하는 비중은 1:3.2이다. 이러한 신체 비례는 17세기 전반에 제작된 불상에서 볼 수 있고, 17세기 중․후반으로 갈수록 신체에서 얼굴이 차지하는 비중이 커진다. 머리는 뾰족한 나발(螺髮)과 경계가 불분명한 육계(肉髻)로 표현되고, 육계 밑에 반원형의 중간계주(中間髻珠)와 정수리 부위에 낮은 원통형의 정상계주(頂上髻珠)가 있다. 타원형의 얼굴에 반쯤 뜬 눈은 눈꼬리가 약간 위로 올라갔고, 코는 콧날이 곧게 뻗었으며, 입은 살짝 미소를 머금고 있다. 오른손은 무릎 위에 손바닥을 아래로 가지런히 놓고, 따로 제작된 왼손은 엄지와 중지를 둥글게 맞대고 있다. 바깥에 걸친 대의는 오른쪽 어깨에서 완만하게 팔꿈치와 복부를 지나 왼쪽 어깨로 넘어가고, 반대쪽 대의는 왼쪽 어깨를 완전히 덮고 내려와 하반신에 펼쳐져 있다. 하반신에 걸친 대의자락은 복부에서 오른쪽으로 몇 가닥이 완만하게 펼쳐지는데, 가장 안쪽 옷주름이 두툼하게 접혀 있다. 반대쪽 대의자락은 무릎 방향으로 네 가닥 정도 접혀 있다. 목조보살좌상은 석가불과 거의 동일한 인상과 착의법을 하고 있지만, 머리 위의 보관이나 어깨에 늘어진 보발 등의 표현이 다르다. 천축사 목조석가삼존불좌상은 얼굴의 이목구비에서 풍기는 인상이나 오른쪽 어깨에 완만하게 늘어진 대의자락, 왼쪽 어깨에 수직으로 늘어진 한 가닥의 옷주름, 하반신에 걸친 대의 자락 표현 등이 1614년에 조각승 현진(玄眞)이 만든 전남 구례 천은사 목조삼존불좌상과 유사하여 17세기 전반에 현진이나 그 계보에 속하는 조각승이 제작한 것으로 추정된다. 특히, 불상에서 발견된 두 장의 중수발원문은 18세기 전반에 활동한 조각승과 불화승 연구에 중요한 단서를 제공하고 있다.",문화재,도봉구
천축사 비로자나삼신불도 및 복장유물,도봉구 도봉산길 92-2,도봉구 도봉동 549,37.694097,127.0193527,37.69422173,127.0193518,"불화는 가로가 긴 화면이 상하로 구분되어 있는데, 상단에는 삼신불이 나란히 앉아있고, 하단에는 보살들이 일렬로 늘어서 있다. 삼신불은 중앙에 지권인(智拳印)을 취한 법신 비로자나불, 왼쪽(向右)에는 양손을 어깨높이로 들어 설법인(說法印)을 취한 보신 노사나불, 오른쪽에는 오른손을 가슴 앞으로 올린 설법인을 취한 석가모니불이 자리하고 있다. 삼불은 모두 원형의 두광(頭光)과 신광(身光)을 지고 목리문(木理文 : 나무결 무늬)이 표현된 불단 위의 연화좌에 앉아 있다. 삼불 이외의 공간에는 최상단에 4보살과 좌우에 시방제불, 그 아랫단에는 2보살과 범천 및 제석천이 삼불 사이에 배치되어 있다. 그 아랫단은 삼불과 하단의 보살중 사이에 해당하는데 중앙 비로자나불의 무릎 좌우에는 가섭과 아난존자, 양 끝에는 보살이 시립하고 있다. 하단의 8보살은 모두 원형의 두광과 모서리가 둥글려진 직사각형의 신광을 지고 있다. 지장보살을 제외한 모든 보살은 동일한 모습의 화려한 보관을 쓰고 있으며 각기 지물(持物)을 들고 있다. 이 불화는 이처럼 삼신불도임에도 불구하고 이전에 볼 수 없었던 독특한 도상을 보여주고 있으며, 19세기 중엽부터 서울.경기 지역에서 활발하게 불화제작을 한 경선당 응석(慶船堂 應碩)이 편수(片手)를 맡아 환감(幻鑑).혜조(慧照).경림(璟林).탄인(呑仁).창오(昌悟) 등이 제작한 작품이다. 경선당 응석은 천축사 삼신불도처럼 전통적인 화법으로 작품을 그리되 간혹 도상을 나름대로 변화시켜 새로운 도상을 창출하곤 하였다. 갸름한 얼굴과 지극히 작은 이목구비의 얼굴, 꽃무늬가 새겨진 대의, 적.녹.청색의 색조, 목리문의 표현 등 응석 불화의 양식적 특징들이 잘 드러나 있다. 또한 화폭의 오른쪽 하단에'臣尙宮己酉生朴氏 尙宮己酉生金氏等○○奉爲 王妃殿下辛亥生閔氏玉體恒安聖壽萬歲'라 시주질이 기록되어 있어 상궁 박씨와 김씨 등이 명성황후 민씨(1851∼1895)를 위해 시주한 불화임을 알려주고 있다. 상태는 전체적으로 원형이 잘 유지되고 있으나, 화면의 상단이 그을음 등으로 채색이 어두워져 있고, 화폭의 상단 오른쪽이 일부 찢어져 있는 상태이다. 이 불화는 19세기 서울 경기 지방의 대표적 화승인 경선당 응석이 주관하고 대선사 하은 예가(荷隱 例珂 : 1828~1898)가 증명한 불화로 독특한 도상을 보여주고 있어 주목되는 작품이고, 또한 명성황후를 위해 상궁들이 시주하여 제작하였다는 시대적 상황과 역사적 의미도 지니고 있다.",문화재,도봉구
천축사,도봉구 도봉산길 92-3,도봉구 도봉동 550,37.6941241,127.0199045,37.6945873,127.0188609,"신라 문무왕 13년(673)에 창건되었다. 의상(義湘)스님이 문도들을 이끌고 만장봉 동쪽 기슭에 왔다가 그 산세의 빼어남에 감탄하여 현재의 위치에 창건하게 하고 옥천암(玉泉庵)이라 하였다고 한다. 그 뒤 고려 명종 때에는 근처 영국사(寧國寺)의 부속암자가 되었다. 조선 태조 7년(1398) 함흥으로 갔다가 돌아오던 태조가 옛날 이곳에서 기도하던 기억을 상기하고 절을 중창하였으며, 천축사(天竺寺) 현판을 하사하였다. 절 이름을 천축사라고 한 것은 고려 때 호승(胡僧) 지공화상이 공민왕의 왕사였던 나옹화상에게 이곳의 경관이 인도 천축국의 영축산과 비슷하다고 한데서 유래된 것으로 전해진다. 성종 5년(1474) 어명으로 중창되었고, 명종 때에는 문정왕후가 화류용상(樺榴龍床)을 헌납하여 불좌를 만들었다고 한다. 순조 12년(1812) 이후 영험 있는 기도 도량으로 여러 차례 중창되었는데 현재의 당우는 1959년에 중수한 것이다. 현존하는 건물로는 대웅전을 비롯하여 원통전 · 독성각 · 산신각 · 요사 등이 있고, 참선도량 무문관이 있다. 무문관은 불교 선수행의 현근대적 역사에 기록될 근대 선수행의 얼이 숨어 있는 기념비적인 수행처이다. 천축사는 역사적 기록과 현대의 불교계에 큰 위치를 차지하고 있으며 부처님의 진신사리가 모셔진 적멸보궁으로, 보존되고 개발되어야 할 전통사찰이자 천 년 고찰이다.<br>",관광지,도봉구
기원 2,도봉구 마들로 749,도봉구 도봉동 626,37.67712,127.0469489,37.677115,127.046956,"홍성문 작가의 작품으로 인간의 모든 허욕이나 사심을 떨치고. 참다운 사랑과 복된 삶... 나아가선 자유와 평화 등 인류의 이상향을 지향하고, 만사형통을 천지신명에게 기원하며, 그 표현은 함축된 전래풍의 여인 좌상으로 구사하였다.",조형물,도봉구
날개짓,도봉구 마들로 749,도봉구 도봉동 626,37.67712,127.0469489,37.677115,127.046956,엄태정 작가의 작품으로 2개의 알루미늄 판재(30mm 두께)를 각 철재에 홈을 파고 끼워 새의 날개짓을 조각적 구조를 통해 표현하고자 하였다.,조형물,도봉구
모자상,도봉구 마들로 749,도봉구 도봉동 626,37.67712,127.0469489,37.677115,127.046956,민복진 작가의 작품으로 가족의 사랑과 정감을 주제로 부드럽고 따뜻한 감성을 통하여 어머니의 숭고한 사랑으로 인체의 조화로운 구성과 질서균형으로 참다운 인간의 형상화를 절제된 형태의 모습으로 균형을 유지하려 하였고 가족적인 감성으로 애정과 사랑의 충만함을 표출하여 작품을 감상하는 이들에게 끝없는 그리움과 고요한 감동을 제시하였다.,조형물,도봉구
이제 무엇을 시작할까?,도봉구 마들로 749,도봉구 도봉동 626,37.67712,127.0469489,37.677115,127.046956,고정수 작가의 작품으로 현대인들은 지나친 욕망으로 인하여 순수한 인간미를 상실하며 살아가고 있다. 본 작품은 선량하게 거듭나고자 하는 한 인간의 고뇌를 나타내고자 하였다. 이제 신비스런 미래를 향한 불굴의 의지를 다져가며 새로운 목표를 향해 평소 꿈꾸어 왔던 삶의 시나리오를 펼쳐 가려는 이미지를 표현하였다.,조형물,도봉구
하늘에 열린 창,도봉구 마들로 749,도봉구 도봉동 626,37.67712,127.0469489,37.677115,127.046956,박찬갑 작가의 작품으로 나의 작업은 자연의 섭리를 바탕으로 삼는다. 그것은 곧 인간에게 무한한 욕망과 욕구를 절제하는 일이다. 그것이 곧 자유이며 인간생존의 길이다. 책 속에 길이 있다. 마음 속에 하늘이 있다. 법은 만인에게 평등하다. 그것이 곧 하늘의 뜻이다. 법을 운용하는 당신은 하늘의 뜻을 행하는 일이다. 언제나 하늘의 뜻과 올바른 신념으로 부끄러움 없어야 할 것이다. 당신의 하늘을 보라. 그리고 교신하라.,조형물,도봉구
행복한 동행,도봉구 마들로 749,도봉구 도봉동 626,37.67712,127.0469489,37.677115,127.046956,"송픽 작가의 작품으로 하나(독창성), 검찰이 추구하는 다섯가지의 가치인 정의,진실,인권,공정,청렴에서 영감을 받아 제작·계획된 작품, 인간과 사회의 정의로운 공존을 상징하는 의미를 표현하고 있음.둘(예술성), 다양한 형태의 군상은 남녀노소 차별 없이 같은 인간으로서 검찰이 추구하는 가치 아래에서 ‘바로섬’을 기반으로 하고 있으며,이 가치는 공평성과 정의의 중요성,검찰의 역할을 나타냄.셋(내용미),검찰의 정의구현을 통해 인간과 사회의 행복한 미래를 건설하며 이를 위해 나아가고자 하는 검찰청의 의지를 담음.넷(형식미),부드럽고 온화한 느낌을 주어 친근하면서도 가까운 이미지.다섯(공공성 및 시민 접근성),여섯(주위환경 및 건축물과의 조화)",조형물,도봉구
Dialogue-peace,도봉구 마들로 749,도봉구 도봉동 627,37.6791946,127.0465562,37.677115,127.046956,"Asdrubal colmenarez 작가의 작품으로 중앙은 천연의 화강암과 양쪽 위쪽에 두개의 크롬강(철의 종류) 으로 이 세개의 결합은 공동체 사회 안에서의 인간과 자연 그리고 테크놀로지 과학, 평화의 의지와 그 답을 제시하였다.",조형물,도봉구
Transposed Image,도봉구 마들로 749,도봉구 도봉동 627,37.6791946,127.0465562,37.677115,127.046956,"장식 작가의 작품으로 천년의 예술이 현대 산업화로 인한 현대감각과의 해후를, 과거와 현재,고대와 현대라는 상반된 개념을 천년 전의 통일신라시대 왕관을 현대적인 새로운 이미지로 모뉴멘탈화하였다. 단순하고 기하학적인 구조물에 우리의 전통문양을 투각시키고, 투각된 남은 공간에 스텐레스 원형조각을 설치하여 그 원형조각이 움직일 때마다 주변의 빛과 반사되어 미묘한 광선효과를 낼 수 있으며, 그 변이의 과정을 통해 물질성을 초월하게 한다.",조형물,도봉구
도봉기적의도서관,도봉구 마들로 797,도봉구 도봉동 652-1,37.6812003,127.0502366,37.680764,127.050188,"쌍문채움도서관은 예술로 일상을 채우는 예술특화도서관으로 2019년 12월 14일 개관하였으며, 보유 장서 17,000여권과 연간 49,700여명이 이용하고 있다. 건물규모 687㎡, 지상 3층 규모의 시설에 유아자료실, 어린이자료실, 종합자료실, 북카페, 다목적강당 등으로 운영되고 있으며, 지역주민의 예술 접근성을 높이고, 창의력과 즐거운 호기심을 자극하는 복합문화공간으로서의 역할을 하고 있다.
인근에 쌍문청소년랜드와 둘리뮤지엄이 위치하고 있어 다양한 문화예술 활동을 할 수 있다.",도서관,도봉구
평화문화진지,도봉구 마들로 932,도봉구 도봉동 8,37.6918316,127.0466813,37.690753,127.0472,평화문화진지는 조선시대 다락원이 있던 자리다. 다락원은 나라 일로 여행하는 관리들이 쉬거나 잠을 잘 수 있던 공공 숙박시설이었다. 1950년 6.25 전쟁 시 탱크를 몰고 침공했던 북한군의 재침에 대비해 전쟁이 끝난 후 이곳에 대전차 방호시설이 지어졌다. 방호시설의 주거공간은 노후돼 2004년 철거됐고 군사 시설에 해당하는 1층은 그대로 방치돼 도시의 미관을 해치는 흉물로 전락했다. 이곳이 문화 공간이 되어 2017년 다시 우리 품으로 돌아왔다. 공간재생사업을 통해 군사시설인 옛 대전차 방호시설을 2014년 7월 민간과 행정의 협력을 통해 문화창작공간으로 재탄생시킨 곳이다. 대전차방호시설의 흔적들을 보존한 채 작가들에게 시설 내 공간 및 장비를 지원한다. 이러한 창작지원사업과 지역문화의 활성화를 도모하는 문화예술프로그램 운영하며 공간의 역사를 통해 시민들과 함께 문화를 이어가고자 한다.<br>,문화시설,도봉구
다락원체육공원,도봉구 창포원로 45,도봉구 도봉동 8,37.6918316,127.0466813,37.69160482,127.0470279,"서울 도봉산 자락에 위치한 서울 동북권 최대 규모의 체육공원이다. <br>배드민턴장은 코트 총 14면을 갖춘 대형 실내에 마루 시설이 잘 되어 있고 외관 시설도 세련되고 깨끗해 시민들의 만족도가 높다. 야간 조명까지 갖춘 인조잔디 축구장과 대형 실내 테니스장, 게이트볼장, 어린이 체육시설 및 놀이공원을 갖추고 있다. 지하철 7호선과 1호선 도봉산역 400미터 지점에 있다.",관광지,도봉구
만월암석불좌상,도봉구 도봉산길 92-4,도봉구 도봉동 산 31,37.6968262,127.0176249,37.69950154,127.0188287,도봉산 만장봉(萬丈峰) 중턱에 위치한 만월암은 신라 문무왕 때 승려이자 화엄종의 개조(開祖)인 의상조사(義湘祖師)가 창건했다고 전해지고 있어 그 창건시기를 신라시대까지 올려볼 수 있지만 남아있는 기록이 없어 자세히 알 수 없다. 이후 만월암은 보덕굴(普德窟)이라는 참선도량으로 알려져 오다가 1940년에 이르러 여여거사(如如居士) 서광전(徐光前)에 의해 중창되어 법당인 만월보전(滿月寶殿)을 비롯하여 만월선방(滿月禪房)ㆍ삼신각ㆍ요사채 등이 있는 오늘날과 같은 규모를 갖추게 되었다.,문화재,도봉구
만월암,도봉구 도봉산길 92-4,도봉구 도봉동 산 31,37.6968262,127.0176249,,,,,도봉구
석굴암 천룡도,도봉구 도봉산길 92-4,도봉구 도봉동 산 31,37.6968262,127.0176249,37.69950154,127.0188287,"크지 않은 작은 규모(49×55cm)에 간략한 내용의 신중도로서 人法堂에 봉안했던 불화로 판단된다. 등장 존상 및 화기 중의‘天部會幀’이라는 내용으로 보아 제석범천도 불화 중 위태천 중심의 天龍圖임을 알 수 있다.
일반적으로 위태천은 여덟의 무장한 모습의 팔부중을 거느리고 있음을 볼 수 있는데 이 불화에서는 두 천부중 만을 나타내고 있으며, 위태천의 자세 또한 立像이 아닌 坐像으로서 法床 위에 반가 자세로 걸터 앉아 왼발을 내려딛고 있는 특징적인 모습을 보여준다. 비록 작은 규모일지라도 필선이 매우 정교하고 치밀하며, 색채 또한 적․녹색 위주로 조화로움을 볼 수 있으며, 활기찬 각 존상의 신체 비례 역시 6等身대로 세련미를 보인다.
1745년 화승‘海淸’이 그린 이 불화는 화기의 훼손으로 봉안 사찰을 잘 알 수 없으나 조성시기가 분명하고‘齋主’가 등장하는 것으로 보아 재를 지내기 위해 조성했음을 짐작할 수 있는 천룡도로서, 18세기 중반 불화의 양식 특징을 잘 보여주고 있다.",문화재,도봉구
도봉산,도봉구 도봉산길 92-1,도봉구 도봉동 산 32,37.6915978,127.0243757,37.69698701,127.0184192,"북한산국립공원내 동북쪽에 있는 '도봉산'은 최고봉인 자운봉(740.2m)을 비롯하여 만장봉, 선인봉, 주봉, 오봉, 우이암 등의 암벽이 아름답기로 이름난 산인데 특히, 선인봉 암벽 등반코스로는 박쥐코스 등 37개 코스가 개척되어 있다.북한산 및 도봉산 지역의 60여 개 사찰 중 제일 오래된 건축물인 '천축사'를 비롯하여 망월사, 회룡사 등의 절과 도봉계곡, 송추계곡, 오봉계곡, 용어천계곡 등 아름다운 계곡을 안고 있으며, 교통이 편리하여 서울시민이나 근교 주민들에게 더없이 인기있는 하루 등산지이다.",관광지,도봉구
도봉서원,도봉구 도봉산길 90,도봉구 도봉동 산 59-1,37.6855832,127.0304589,37.68833821,127.0291407,"도봉서원은 서울에 소재한 현존하는 유일한 서원으로 도봉산 입구 등산길에 오르면 우측 옛 영국사 터에 위치 해 있다. 남언경이 양주목사로 부임하여 1573년(선조6) 지방유림의 공의로 조광조(趙光祖)의 학문적 사상과 덕행을 추모하기 위해 창건하고 위패를 모셨다. 창건과 동시에 '도봉(道峰)'이라는 사액을 받았으며 송시열(宋時烈)을 추가 배향하였다. 1775년(영조 51) 어필사액을 다시 받아 선현배향과 지방교육의 일익을 담당하였다. 400여 년간 양주, 파주, 포천, 서울지역에 있는 선비들의 발길이 끊이지 않았다고 하나 홍선대원군의 서원철폐령으로 1871년 훼철되었으며 위패는 땅에 묻었다. 1903년 지방유림에 의해 단을 설치하여 봄, 가을에 향사를 지내 오다가 6.25전쟁으로 다시 중단되었다. 1970년 도봉서원재건위원회가 구성되어 1971년 복원 매년 음력 3월10일(춘향제), 9월10일(추향제)에 전국 유림 및 지역유지가 모여 전통향사를 지내고 있다.<br>",관광지,도봉구
전주 이씨 영해군파 묘역,도봉구 도봉로169라길 111-10,도봉구 도봉동 산 81-1,37.6786968,127.0297096,37.67824597,127.0266764,서울특별시 도봉구 도봉동 전주 이씨 영해군파 묘역에 있는 조선 전기 종친 영춘군 이인의 묘. 영춘군 이인은 세종의 아홉번 째 아들인 영해군 이당의 아들이다.,문화재,도봉구
호안공 이등과 의령옹주 묘역,,도봉구 도봉동 산 85,37.6787654,127.0226279,37.67775562,127.0234823,"이등(李登)(1379~1457년)의 본관은 개성, 아버지는 판사수감사(判司水監事) 이개(李開), 부인은 태조의 서장녀(序長女) 의령옹주(義寧翁主)이다. 1435년(세종17) 계천군(啓川君)에, 1444년(세종26) 봉헌대부(奉憲大夫)에 봉하여졌으며 1457년(세조3) 79세로 세상을 떠났다. 시호는 호안(胡安)이다. 의령옹주는 생년은 미상이나 묘표상“成化二年 二月 初一日 禮葬”이라는 문구가 확인되어 그 몰년이 1466년임을 알 수 있다. 슬하에 4남3녀를 두었다.
이등의 묘는 좌향(坐向)은 남향이다. 계체석(階砌石)이 3단 설치되어 있어 묘역은 상계, 중계, 하계로 나누어진다. 봉분은 장방형의 석재를 이용한 방형분(약 4×5m)으로 여말선초의 양식을 잘 보여주고 있다. 석물은 묘표, 상석, 문인석 2기가 있는데 모두 상계와 중계에 자리하고 있다. 묘표는 하나의 석재로 개석과 비신을 조각하였으며, 개석은 화관석이다. 이등 묘 후면에 방형에 가까운 형태인 산제 제단이 남아 있는데 장방형 형태로 거칠게 다듬은 석재로 4면을 둘러 축조되어 있다. 아래의 의령옹주 묘는 계체석이 1단 설치되어 있으며, 원형의 봉분(지름 약 5m)과 묘표, 상석, 문인석 2기로 이루어져 있다. 의령옹주의 묘표 역시 하나의 석재로 이루어져 있으며, 개석은 화관석의 형태로 보이나 그 수법이 섬세하지 않다.
호안공 이등과 의령옹주 묘역은 관(官)에서 조성한 조선시대 왕실 묘로서 조선 초기 옹주묘의 특징을 잘 보여주고 있고, 석물의 품격도 높으며, 전체적으로 원형을 그대로 잘 유지하고 있다.",문화재,도봉구
적의,도봉구 도봉동 626,도봉구 마들로 749,37.67712,127.0469489,37.677115,127.046956,"박석원 작가의 작품으로 단오하고 절제된 조형공간을 유지하며, 두 개의 반 원통날개가 좌우로 뻗으며 무한의 모양으로 대조를 이루는 형상으로 음과 양, 좌와 우의 상관관계를 중심축으로 조화시켜 강하고 힘찬 느낌을 주고 있으며, 무한공간을 향한 인간의 높은 이상과 비전을 실현하고자 착상된 작품이다.",조형물,도봉구
간송 옛집,도봉구 시루봉로 149-18,도봉구 방학동 430,37.6648047,127.0281676,37.66488409,127.0281733,"간송 전형필은 일제 강점기 수탈되어가는 우리 문화유산을 보호 수집하고, 해외에 유출된 문화재를 되찾아 오는 등 문화재 수호에 큰 공을 세우신 민족문화유산의 수호자로서, 그분의 자취가 남아있는 묘소와 100여년이 된 전통한옥이 방학동에 위치해 있다.",문화재,도봉구
방학동 바둑판 돌,도봉구 시루봉로 145,도봉구 방학동 436-3,37.6638153,127.0278235,37.663761,127.027862,"바둑판이 새겨진 돌은 마름모꼴의 화강암(크기 183*145*24cm)으로 윗면에 3cm 정도를 높여 19줄 바둑판(크기 55*52cm)을 선각해 놓았으며, 양옆에 바둑돌을 넣어두기 위해 원형의 홈(지름 11cm)을 파 놓았다. 그리고 이 바둑판 돌 앞에는 원형의 석조 1기가 있는데, 위면에 복련(覆蓮)이 장식되어 있다.",문화재,도봉구
염상섭 묘,도봉구 시루봉로 145,도봉구 방학동 436-3,37.6638153,127.0278235,37.663761,127.027862,"염상섭(廉想涉, 1897년 8월 30일 ~ 1963년 3월 14일)은 서울 적선동 출생이며 호는 횡보(橫步)이다. 보성전문학교에 재학 중 도일하여 교토부립중학(京都府立中學)을 졸업, 게이오(慶應)대학 사학과에 입학했으나 3·1운동에 가담한 혐의로 투옥되었다가 귀국, 《동아일보》 기자가 되었다. 1920년 《폐허(廢墟)》지 동인에 가담하여 문학의 길에 투신했다. 1921년 《개벽(開闢)》지에 단편 《표본실의 청개구리》를 발표하여 문단적인 위치를 굳히고 1922년에는 최남선(崔南善)이 주재하던 주간종합지 《동명(東明)》에서 기자로 활약했으며, 현진건(玄鎭健)과 함께 《시대일보》 《매일신보》 등에서 일하기도 했다. 1946년 《경향신문》 창간과 동시에 편집국장, 6·25전쟁 때는 해군 정훈국에 근무했다.
주요 작품으로는 《만세전(萬歲前)》 《잊을 수 없는 사람들》 《금반지》 《고독》과 장편 《삼대(三代)》 등이 있고, 8·15광복 후에도 《두 파산(破産)》 《일대의 유업(遺業)》 《짖지 않는 개》 등의 단편과 장편 《취우(驟雨)》 등이 있다. 자연주의 및 사실주의 문학을 이 땅에 건설한 최초의 작가로서 김동인·현진건과 함께 뚜렷한 공적을 남겼다.
특히 그의 처녀작 《표본실의 청개구리》는 한국 최초의 자연주의적인 소설로 평가되며, 그 후의 대부분의 소설은 전형적인 사실주의 계열의 작품으로 일관되었다. 1953년 서울시 문화상을 받았고 예술원 종신회원에 추대되었으며, 1955년 서라벌예술대학장에 취임하고 아시아자유문학상, 1956년 대한민국 예술원상 1962년에 3·1문화상(三一文化賞), 1971년 문화훈장 은관 등을 받았다.",문화재,도봉구
학마을도서관,도봉구 시루봉로 128,도봉구 방학동 446-5,37.6621078,127.0278197,37.662212,127.02788,"학마을도서관은 지역주민의 문화와 정보화 수준 향상을 위해 2009년 1월 30일 다사랑센터로 개관하였으며, 2015년 7월 1일 “학마을도서관”으로 명칭을 변경하고, 보유 장서 72,000권과 연간 183,000여명이 이용하고 있다. 건물규모 3,837.54㎡, 지하1층, 지상3층, 지상4층, 지상5층의 시설에 유아‧어린이자료실, 종합자료실, 디지털커먼스, 자유열람실 등으로 운영되고 있다. 학마을도서관은 고품격의 독서문화와 예술, 다양한 프로그램, 지역주민들의 재능기부, 그리고 지역 유관기관과의 협력을 통해 상생하며 지역사회 발전에 기여하고 있다.
인근에 김수영문학관 연산군묘, 정의공주묘가 위치하고 있어 다양한 문화와 역사인물을 탐색해 볼 수 있다.

 ",도서관,도봉구
양효공 안맹담과 정의공주 묘역,도봉구 방학로 252-19,도봉구 방학동 467,37.6620694,127.0241536,37.66225416,127.0239478,조선 세종의 딸인 정의공주와 부마인 양효공 안맹담 부부 의 묘소이다.,문화재,도봉구
김수영문학관,도봉구 해등로32길 80,도봉구 방학동 498-31,37.659887,127.023815,37.659883,127.023816,김수영문학관은 시인 김수영을 기리면서 그의 시문 및 시학과 업적을 기리는 서울특별시 도봉구 공립문학관이다. 2013년 11월 27일에 개장하였으며 서울특별시 도봉구청에서 관장한다.,박물관,도봉구
원당마을한옥도서관,도봉구 해등로32가길 17,도봉구 방학동 543-2,37.6601714,127.021812,37.660545,127.02151,"원당마을한옥도서관은 도봉산 아래, 방학3동 원당샘공원과 수령 600년이 넘는 은행나무옆에 문을 연 도봉구립 공공도서관입니다. 한옥도서관으로는 도봉구 최초, 서울 동북권역 최초로, 2022년 5월에 개관한 전통특화도서관입니다.
“한옥”이라는 공간의 아름다움과 특수성을 살려 우리 전통문화의 계승과 역사에 대해 함께 지혜를 나누는 곳이며 온 세대가 함께 어우러져 책으로 문화를 향유하고 사람과 사람이 만나 인문공동체를 꾸리는 곳입니다.
원당마을한옥도서관은 영유아부터 지역주민 모두가 함께할 수 있도록 책을 매개로 절기행사, 인문-역사 강의, 세상을 읽는 전시, 다양한 체험과 전통놀이 등을 통해 한옥에서 전통문화와 문학으로 주민들의 삶을 풍요롭게 하겠습니다.",도서관,도봉구
방학동 은행나무,,도봉구 방학동 546,37.6607535,127.0227938,37.66082858,127.0228395,"서울특별시 도봉구 방학동 546번지에 위치한 방학동 은행나무는 그 규모가 크고, 수령이 오래된 것으로 추정되어 1968년 2월 26일 서울특별시 보호수 1호로 지정되어 있었다. 본래는 은행나무의 동남쪽 200m 지점 은행나무가 한 그루 더 있어, 이 두 은행나무를 “부부 은행나무”라 불렀다고 하는데 현 기념물 지정 나무는 수나무이며, 암나무는 신동아아파트 건립 당시 벌목되었다고 한다.
기존에 관리되고 있었던 서울특별시 보호수 목록은 추정 수령이 880년에 달하고 있으나, 금번 문화재 지정 조사 시 실시한 국립산림과학원의 과학적 수령조사 결과 600년으로 측정되었다. 이는 천연기념물 및 시지정 문화재로 지정된 수목들과 비교하여도 최고령그룹에 속하는 것으로 천연기념물 제59호 <서울 문묘 은행나무>의 수령 702년 다음으로 수령이 오래된 것이다.
방학동 은행나무는 외과수술로 줄기는 원형에서 약간 변형되고 가지도 정리되는 등 수관폭 역시 원형과는 같지 않을 것으로 보이지만 노거수임에도 불구하고, 수령측정을 위해 채취한 목편 상태를 볼 때 수간 중심부가 부후되지 않아 생장상태가 양호한 것을 알 수 있다.
한편, 문화재 보호구역은 문화재 지정가치가 있는 방학동 은행나무의 보호에 필요한 최소한도의 지역, 즉 도봉구 방학동 546번지 435㎡ 중 285㎡, 546-1번지 1797㎡ 중 126㎡, 565-2번지 739㎡ 중 137㎡, 총 3필지의 548㎡를 지정하여 동 수목의 생육 환경을 보존하도록 하고 있다.",기념수,도봉구
원당샘,도봉구 해등로32가길 16,도봉구 방학동 547,37.6609057,127.0223555,37.660764,127.021959,"원당샘은 연산군묘 인근에 위치하며, 마을 한가운데 위치한 우물로서 수백년동안 이곳 마을 사람들의 식수로 이용되었다고 한다. 이 우물은 일명 ‘피양우물’이라고 불리워졌으나, 1979년에 현재의 모습으로 정비되면서 원당샘으로 명명되었다. 풍부한 수량으로 심한 가뭄에도 마른 적이 없고, 일정한 수온을 유지하여 혹한에도 얼어붙는 일이 없었다고 한다.
2011년 완공된 원당샘 주변 공원화 사업을 통해 원당샘을 중심으로 연산군묘, 서울시 지정보호수 1호인 은행나무, 북한산 둘레길 등과 연계하여 역사와 문화가 어우러지는 도봉구 명소로서의 장소를 제공하고 있다.",문화재,도봉구
원당샘공원,도봉구 해등로32가길 16,도봉구 방학동 547,37.6609057,127.0223555,37.6603469,127.0222977,"600년 전부터 마을의 생활용수로 공급되던 원당샘을 복구하여 조성한 공원으로 연산군묘, 방학동 은행나무와 함께 역사와 문화가 어우러지는 도봉구 문화명소<br>",관광지,도봉구
연산군묘,,도봉구 방학동 562-4,37.6612974,127.0217768,37.66137387,127.0218055,연산군묘는 조선 제10대 왕인 연산군과 거창군 부인 신씨의 무덤이다.,문화재,도봉구
희망,도봉구 도봉로 678,도봉구 방학동 707-7,37.6648183,127.0435994,37.664804,127.043603,조상화 작가의 작품으로 직선과 곡선 형태로 상부로 갈수록 외향적 확산으로 인하여 역동적 구조를 이룸.작품 전경의 변화나 조건에 의하여 투영되는 형태가 변하게 됨. 사람의 움직임과 빛의 색채에 의하여 동적요소와 색채요소가 변화있게 표현될 것임.,조형물,도봉구
문명의 확산,도봉구 도봉로150길 31,도봉구 방학동 716-1,37.6664804,127.0448997,37.666476,127.044901,이일호 작가의 작품으로 서로 어긋나며 변주되어 다양한 개성으로 피어나는 사각기둥의 형상을 포용의 의미를 가진 유선형 형틀 속에서 추상적 개념으로 표현한 작품.무정형으로 확산되면서도 질서를 갖는 현대문명의 다양성과 발달상을 현대적 질감의 스테인레스스틸을 소재로 하여 문명과 인간과의 교감을 함축적으로 표현하였다.,조형물,도봉구
합주,도봉구 도봉로150길 43,도봉구 방학동 716-5,37.6663859,127.0455878,37.666387,127.04558,"이일호 작가의 작품으로  다른 환경, 개성을 지닌 여러 부류의 사람들이 여러 화음,악기로 구성되어 아름다운 합주를 하는 오케스트라의 연주처럼 서로 마음을 열고 갈등을 해소하여 이 세상을 밝고 행복하게 일구어 가는 모습을 나타낸 작품",조형물,도봉구
양지,도봉구 도봉로150다길 42,도봉구 방학동 717,37.6677995,127.0446753,37.667801,127.044681,"김경화 작가의 작품으로 입체공간을 향유할 수 있는 자유의 개념을 독립된 조형적 특성으로 나타냈다. 삶의 방정식을 일궈 나가는 사람들의 희망을 해를 바라보는 상징적 특성으로 나타냈고 조형개념을 벗어나 자연적인 사실을 재구성, 재형성하였다. 이 작품이 보는 이로 하여금 충만한 기쁨과 즐거움을 주는 희망의 메신저이길 작가는 바란다.",조형물,도봉구
추억공간,도봉구 마들로 645,도봉구 방학동 717-6,37.6675664,127.0454944,37.667559,127.045503,권치규 작가의 작품으로 노란 은행나무 잎을 책갈피 속에 끼워 본 추억은 누구나 한번쯤 있음직하다. 그 추억을 되살릴 수 있는 서정성을 은행잎으로 조형화시켰음.,조형물,도봉구
역동성-공간 확산,,도봉구 방학동 717-7,37.6678811,127.0455255,37.667559,127.045503,고수영 작가의 작품으로 인체의 역동성을 표현함.역동적인 움직임을 통하여 감상자가 작품을 감상하는 데 있어 시선의 흐름을 움직이게 만들고 있으며 인체의 사실적인 표현보다 약간의 비구상적인 인체를 통하여 작품을 감상할 때 감상자의 감정에 따라 새롭게 느낄 수 있도록 표현되어짐.,조형물,도봉구
유토피아,도봉구 마들로 657,도봉구 방학동 718-8,37.6683154,127.0457478,37.668529,127.045487,이일호 작가의 작품으로 둥글게 한 덩어리를 이루고 있는 풍요로운 매스의 한마음 가족과 시각적 공간감을 극대화한 상승 구조의 아치형 금수강산은 사랑으로 충만한 가정과 사회의 울타리가 초석이 되어 우리 모두가 꿈꾸고 있는 유토피아의 세계로 들어감을 열린 구도로써 형상화함.,조형물,도봉구
Three for one,도봉구 도봉로152길 16,도봉구 방학동 719-2,37.6690533,127.0447352,37.669054,127.044736,"이영송, 배영진 작가의 작품으로 주거공간,이웃,나를 상징하는 세 개의 원이 하나의 유기적 곡선에 의해 묶여져 조화를 이루어 “살아 있는 오피스텔”로서의 의미를 상징하고 구를 통해 그 의미가 완성됨.하나의 구를 이루기 위해 원의 요소들이 합쳐져야 하듯이, 아름다운 커뮤니티를 위해 단지 내에 여러 가지 이야기와 문제들이 원을 형성하며 나누는 공간을 이루려 함.이것은 우리 이웃들이 모여 서로의 구성원을 하나로 연결,한 가족의 의미를 만든다는 것을 함축적으로 표현하였다.",조형물,도봉구
도봉로비갤러리,도봉구 마들로 656,도봉구 방학동 720,37.6686287,127.0470496,37.668627,127.047052,"도봉구청 1층 로비에 갤러리를 설치하여 지역 예술인들의 문화 창달 활동의 장을 제공하고 구청을 방문하는 방문객이 문화의 향기를 느끼고 사색할 수 있는 공간으로 활용되고 있으며, 무료대관 전시 및 전문 예술인 초청 전시회 개최 등 다양한 볼거리와 수준 높은 관람 기회를 제공하고 있다.",전시장,도봉구
화합,도봉구 마들로 656,도봉구 방학동 720,37.6686287,127.0470496,37.668627,127.047052,이정주 작가의 작품으로 세 개의 둥근 원은 서로 다른 성격과 사고를 가진 사람들을 나타내고 있으며 이를 하나로 잡고 있는 원은 이들이 하나로 화합할 수 있음을 의미한다. 또한 둥근 원들의 밑바닥에서부터 시작한 원뿔은 화합이란 의미로 빛을 통해 희망과 꿈을 담았다.,조형물,도봉구
헬로애니멀,도봉구 마들로 650,도봉구 방학동 720-33,37.6679862,127.0470453,37.66809645,127.0470952,"서울 도봉구 1호선 방학역 중랑천변에 위치한 실내 동물원이다. 작고 귀여운 파충류, 조류 등 50여 종의 작은 동물들이 있으며, 전문 사육사와 함께 동물들에 관해 설명을 들을 수 있고, 가까이에서 보고 만지면서 교감하고, 직접 먹이를 주며 관찰할 수 있다. 빌딩 지하에 주차공간이 있고 주말에는 도봉구청 주차장도 이용할 수 있다. 어린이와 함께 오는 이용객이 많지만, 이색 데이트로 오는 젊은 층도 늘고 있다.<br>인근에 중랑천 산책로가 있어 함께 나들이하기에 좋다.",관광지,도봉구
번영의 샘,도봉구 마들로 650,도봉구 방학동 720-34,37.6680341,127.0471751,37.667952,127.047043,"김경화 작가의 작품으로 길고 좁다란 입지적 위치로 수직적인 작품을 설치하여 건물의 시야를 넓히고자 함. 풍요로운 미래를 지향하는 사람들의 속마음을 추상적인 형태로 구성하여 밖으로 분출하는 듯한 형상,하단부분에 분수를 설치하여 마르지 않는 번영의 샘을 상징",조형물,도봉구
방학천 문화예술거리,,도봉구 방학동 726-148,37.6621964,127.0397352,37.661725,127.038646,"예리는 도봉산에서 발원해 도봉구 방학동, 쌍문동, 창동의 경계선 역할을 하며 중랑천으로 흘러드는 방학천 양안으로, 2016년까지만 해도 유흥업소가 즐비하던 동네였다. 주민들과 행정기관의 꾸준한 노력으로 도시재생사업의 일환인 ‘방학천 문화예술거리사업’을 추진, 방학천 주변 환경을 회복시켜 문화예술거리로 조성하고, 작가 및 문화예술인 입주 공방과 복합문화예술 지원 공간인 ‘방예리143 아트스퀘어(ART SQUARE)’를 운영하며 지금의 방예리가 탄생했다.",문화시설,도봉구
성비원씨 묘,,도봉구 방학동 산 61-1,37.66267,127.025626,37.662665,127.025622,"임영대군파 오산군 묘역은 방학사거리에서 우이계곡 방향으로 진행하다 신동아아파트 앞 사거리에서 우회전하면 나오는 왼편 구릉에 있다. 묘역의 입구에는 재실이 있다. 묘역에 들어서서 왼쪽으로 돌면 창평수(昌平守) 근(瑾)의 묘가 있고, 여기서부터 위로 올라 여산부수(驪山副守) 계붕(季鵬), 엄천수(嚴川守) 거(琚), 풍기군부인(豊基郡夫人) 연안김씨(延安金氏)가 차례로 있다. 여기서 더 나아가면 충청감사(忠淸監司) 충작(忠綽)과 풍기군부인(豊基郡夫人) 창녕성씨(昌寧成氏)의 묘가 있다. 또한 충작의 묘에서 남쪽으로 내려가면 철산군수(鐵山郡守) 인걸(仁傑)의 묘가 있다. 한편, 묘역의 서쪽 끝에는 성비(誠嬪) 원주원씨(原州元氏)의 묘가 있다.

「全州李氏臨瀛大君貞簡公派大同譜」에 의하면, 성비 원주원씨는 조선의 창업주 태조의 후궁으로 아들이 없어 후사를 오산군 이주가 맡게 되었다고 한다. 묘는 단분단독장이고, 좌향은 동남향이다. 묘표·문인석·장명등 등의 옛 석물과 근래 건립한 혼유석·상석·향로석 등을 갖췄다. 봉분에는 네모꼴의 호석을 2단으로 둘러 조선초의 양식을 보여주고 있다. 규모는 400×510㎝이다. 묘표는 규수형, 2면비인데 비문은 마모가 심하여 판독할 수 없다. 규모는 비신 37×17×77㎝이다. 이 묘표를 대신하여 옆에 신비석을 놓았는데, 비신 전면에 ｢誠嬪原州元氏之墓｣라 새겼다. 문인석은 복두공복을 착용했고, 홀을 맞잡은 손을 간략하게 표현하였으며, 허리 뒤의 大帶가 허리보다 다소 높게 표현되었다. 규모는 총고 197㎝이다. 장명등은 옥개석이 없는 상태이고, 화사석 및 대석 또한 반파된 상태이다. 잔존 총고는 95㎝이다

오산군(烏山君) 이주(李澍)의 생몰연도는 1437(세종19)~1489(성종20) 이며, 세종대왕의 4남인 임영대군의 장남이다. 1444년(세종26)년에 정의대부 오산군에 봉해지고 현록대부에 이르렀다. 성종대에 문소전 사옹원의 제주가 되었다. 元配인 풍기군부인 창녕성씨는 아들 없이 딸 둘을 두었으며, 後配인 풍기군부인 연안김씨는 7남을 두었다. 시호는 정목(靖穆)이다. 묘는 단분단독장이고, 근래에 호석을 둘렀다. 좌향은 동향이며, 묘표·문인석·장명등 등의 옛 석물과 근래 건립한 혼유석·상석·향로석·신비석 등을 갖추었다.",문화재,도봉구
충정공 목서흠 묘역,도봉구 방학로 252-18,도봉구 방학동 산 62,37.6621308,127.0246017,37.66413711,127.0244272,"충정공 목서흠의 묘역은 인조 때 한성부 좌우윤을 지냈으며 백성을 위해 교화를 베풀고 청렴했던 목서흠이라는 인물의 묘역으로 서울과의 관련성이 크고, 묘역과 묘역 내 석물들은 조선 후기 묘제 및 석물 제작 양상을 알 수 있게 한다는 점에서 보존가치가 크다. 특히 신도비(神道碑)는 조경(趙絅)의 문장과 이정영(李正英)․조위명(趙威明) 등 당대 명문장가와 명필들의 글씨를 확인할 수 있게 하는 자료로 정사(正史)인 실록 등을 보완하는 사료적 가치를 가진다. 따라서 목서흠의 묘역과 묘역 내 원형이 잘 유지되고 있는 석물들을 신도비와 함께 일괄 서울특별시 기념물로 지정, 보존하고, 문화재 보호구역은 서울특별시 문화재 보호조례 시행규칙 제7조(보호물 또는 보호구역의 지정기준) 규정에 따라 문화재 지정가치가 있는 목서흠의 묘역 보호에 필요한 최소한도의 지역, 즉 도봉구 방학동 산62번지의 32,331㎡ 가운데 597.7㎡를 지정하였다.",문화재,도봉구
이무영 묘,,도봉구 방학동 산 65-1,37.6667472,127.02183,37.663761,127.027862,"이무영(李無影.1908.1.14∼1960.4.21)은 충북 음성 태생으로 휘문중학을 수료하고 18세에 작가가 되려는 뜻을 품고 도일(渡日)하여 가토 다케오((加藤武雄) 문하에서 1925년부터 1928년에 걸쳐 수업했다. 22세때 귀국하여 소학교 교원, 잡지사 기자, 신문기자 등의 생활을 하면서 소설ㆍ시ㆍ희곡 등을 발표했다. 1936년 [동아일보]가 일장기말소사건(日章旗抹消事件)으로 정간(停刊)되자 한때 [조선문학]지를 주재했다. 이 무렵 그는 동반자작가(同伴者作家)의 한 사람이었고, [구인회(九人會)]의 한 멤버이기도 했다, 1939년을 고비로 하여 그는 인생과 문학의 일대 전환을 꾀하여 서울을 떠나 농촌인 군포(軍捕)로 가서 직접 농업에 종사하면서 <제1장 제1과>를 발표하여 본격적인 농민작가(農民作家)로서의 각광을 받았다. 이어 <속 제1장 제1과(흑의 노예)> <농민> 등을 발표하여 농민문학의 선구자로서 농촌소설을 집필해 나갔다.    6ㆍ25 후에는 그 농촌세계가 도시를 제재로 한 시정소설(市井小說)로 바뀌어진다. 생가는 충북 음성군 음성읍 석인리 오리골에 있다.",문화재,도봉구
계수석 연월암삼폭 와폭 바위글씨군,도봉구 방학로 278-33,도봉구 방학동 산 69-1,37.6637956,127.0204361,37.663797,127.020434,"천주교 공원 묘지는 가지능선 사이로 ‘Y’자형으로 작은 계곡물이 흐르고 있는데, ‘Y’의 오른편 계곡엔 계수석(谿水石)·연월암삼폭(延月巖三瀑)·와폭(臥瀑)이라는 바위글씨들이 새겨져 있다. 연월암삼폭(延月巖三瀑)은 ‘달맞이 바위 아래 3층 폭포’라는 의미이고, 와폭(臥瀑)은 직하하는 폭포가 아니라 ‘비스듬히 떨어지는 폭포’라는 의미이고, 계수석(谿水石)은 ‘계곡의 물과 바위’란 의미이다. 하지만 ‘계(谿)’자는 반이 떨어져 나갔다.",문화재,도봉구
한치례 묘,,도봉구 방학동 산64,37.6656763,127.0223122,37.665666,127.022315,"한치례의 생몰연대는 1441년(세종23)~1499년(연산군5)이며, 본관은 청주, 字는 자절(子節)이고, 아버지는 한확(韓確)이다. 무과에 급제, 1469년 성종이 즉위하자 왕의 외숙으로 중용, 1471년 3월 좌리공신 4등으로 서릉군에 봉해졌다. 이후 이·호·병·공조 등의 판서를 두루 역임, 1499년(연산군5) 영돈녕부사로 서릉부원군에 봉해졌다. 왕실의 인척으로서 아버지 한확 이래 명나라 황실과 긴밀한 관계를 맺어 명나라로부터 ‘韓族'이라 불렸다한다. 부인은 국산안씨로 한치례보다 7년 앞서 졸했다.

묘는 단분합장, 좌향은 서남향. 묘표·상석·향로석·장명등·문인석 2쌍·신도비 등을 갖췄다. 비신 전면에는 「領敦寧府事西陵府院」, 「君贈諡莊簡韓公之墓」라 새겼고 후면에는 상단에 「貞敬夫人安氏墓碣」이라 새기고, 그 아래 음기를 기록하였다. 입석연대는 「弘治紀元之五年五月日長孫世昌立石(1492년, 성종23년)이다. 이 묘표는 배위인 정경부인 안씨의 묘갈을 1492년에 먼저 세우고, 한치례가 졸한 이후에 그 반대면을 활용하여 한치례의 묘표로 삼은 것으로 보인다.",문화재,도봉구
회산군 이염 묘,,도봉구 방학동 산85-1,37.6580007,127.0201665,37.657995,127.020166,"묘역의 가장 상단에는 회산군(檜山君) 이염(李恬)의 묘가 있고, 그 아래에는 장락원정(掌樂院正) 수립(秀立), 돈녕부교위(敦寧府校尉) 무립(茂立), 서창수(西昌守) 용(墉), 의성군(義城君) 강(鋼)의 묘가 차례로 있다. 전체 좌향은 동남향이다.

회산군 이염의 생몰년은 1481년(성종12)~1512년(중종7)이고, 호는 보익당, 시호는 정간(貞簡)이다. 성종의 5남으로 어머니는 숙의 남양홍씨이고, 부인은 죽산 안씨 방언의 딸인 영원부원군부인으로 딸 1인을 두었다. 아들이 없었으므로 견성군의 아들 계산군 수계로 후사를 이었다. 1500년(연산군6) 형 안양군과 아우 봉안군과 상의하여 연산군에 직간하다가 다른 두 대군은 죽고, 회산군만 궐문 밖으로 방면되었다. 1506년(중종1) 아우인 영산군 및 중신과 더불어 반정을 계획하였다. 이에 중종이 즉위함에 사면되었으나 국정에는 간여하지 않았다. 중종 7년(1512) 4월 5일 실록 기사를 보면, “회산군 이염이 앓으므로 내의(內醫)를 보내어 알아보고 또 맞는 약을 주게 하였다.”는 기록이 나온다. 회산군 묘표 뒤에 정덕(正德) 7년(1512)이 나오며 이해가 회산군이 졸한 해이다.",문화재,도봉구
도봉옛길 문화제,,도봉구 방학동710,37.6622653,127.0431073,37.66325249,127.0429152,"도봉옛길 문화제는 서울 도봉구의 대표적 문화유산인 도봉옛길의 역사·문화적 가치를 알리기 위해 마련된 행사이다. 도봉옛길은 조선시대 수도 한양과 한반도 각지를 잇는 주 간선도로 중 제2로인 경흥대로의 도봉구 구간을 지칭한다. 도봉구의 네 권역(창동, 쌍문동, 방학동, 도봉동)을 남북으로 관통하는 도봉옛길은 지금의 도봉로가 만들어지기 전까지 주로 사용되던 교통로였으며, 과거부터 현재까지 주민들의 일상이 묻어있는 공간이다.<br>시간을 거슬러 올라, 도봉옛길은 조선 초기 태종 대 함흥차사가 걸었던 길이고, 세종 대 4군6진으로 군대가 출정하는 길이었다. 이 밖에도 도봉산과 도봉서원을 찾는 선비, 북어를 어깨에 가득 멘 보부상 등 다양한 사람이 이 길에 올랐다. 한국전쟁 당시에는 서울로 쳐들어오는 북한의 침입로이기도 했다. 그리고 오늘 도봉구의 주민뿐 아니라 다양한 사람이 도봉옛길을 삶의 터전으로 삼아 살아가고 있다.<br>도봉옛길 문화제는 도봉옛길의 역사문화적 가치를 소개하고 지역주민의 일상 속에서 문화예술을 향유할 수 있도록 마련한 지역문화축제다. 지역문화예술인으로 구성된 도봉옛길 예술상단은 도봉옛길 곳곳에서 주민들을 찾아가는 거리공연을 연다. 더불어 도봉옛길 거리행렬, 기획전시 및 체험프로그램, 도봉문화굿즈 등 다양한 형태의 콘텐츠를 통해 도봉옛길을 함께 누릴 수 있도록 했다. 지역 주민과 문화유산, 문화예술인이 서로 연계하는 문화제를 통해 현대사회에서 점차 소실되고 있는 지역 정체성을 찾아가는 행사다.<br><br>※행사의 형태와 일정은 코로나바이러스감염증-19 대응지침에 따라 변경될 수 있다.",레포츠,도봉구
서울특별시교육청 도봉도서관,도봉구 삼양로 556,도봉구 쌍문1동 422-163,37.6525664,127.012899,37.65253375,127.0127432,"서울의 명산인 북한산 기슭에 자리잡고 있어 자연경관이 좋으며, 대중교통 이용이 편리하고 인근에는 백운초등학교와 덕성여대가 함께 있어 학생들이 이용하기 좋다. 1981년 개관 이래로 20만 여 권의 장서를 보유하고 있으며, 다양한 자료와 정보를 수집하여 제공하고 각종 교육.문화 프로그램을 개발하여 지역 주민 들에게 널리 보급하고 있다.<br />
* 대출정보 : 대출권수 1인 7권, 14일",문화시설,도봉구
법종사,도봉구 해등로 354,도봉구 쌍문1동 525-3,37.6576224,127.0170435,37.65761102,127.0171594,"서울 도봉구 쌍문동에 있는 불교 사찰로 오대산 월정사 서울 포교원이다. 지상 5층으로 사찰 건물은 석탑 모양으로 높게 올려져 있다. 사찰 뒤편으로는 동네 야산과 같은 쌍문 근린공원이 있어 아름다운 자연을 병풍처럼 두르고 있다. 
주변으로 우이동에서 바라보는 북한산과 방학동에서 바라보는 도봉산을 배경으로 하고 있으며, 우이선 솔밭공원역 1번 출구를 통해 이용할 수 있다.",관광지,도봉구
쌍문채움도서관,도봉구 우이천로 340,도봉구 쌍문동 381-9,37.6470727,127.0262208,37.646957,127.026187,"도봉기적의도서관은 2003년부터 어린이 전문도서관을 건립해온 비영리단체 책읽는사회문화재단과 도봉구가 공동 건립한 서울특별시 최초, 전국적으로는 12번째 기적의도서관으로 보유 장서 35,000권, 전자책 716권과 연간 97,000여명이 이용하고 있다. 2015년 7월 30일 개관한 도봉기적의도서관은 연면적 1,489.27㎡ 지하 1층~지상 2층 시설에 사무실, 기계실, 보존서고, 영유아자료실, 나비잠(수유실), 열두대문극장, 성인자료실, 배움터, 아낌없이주는나무 등으로 운영되고 있다. 도봉기적의도서관은 어린이들이 남을 배려하고 이해하는 따스한 가슴의 인간으로, 자연을 아끼고 자유롭게 자랄 수 있도록 모든 어린이에게 평등한 기회 보장 및 최선의 창조적 성장환경과 봉사를 제공하는 살아있는 꿈의 도서관이다.
인근에 평화문화진지와 서울창포원 등이 위치하고 있어 다양한 평화문화, 자연체험활동을 즐길 수 있다.",도서관,도봉구
덕성여자대학교박물관,도봉구 삼양로144길 33,도봉구 쌍문동 419,37.6511988,127.0161604,37.65152283,127.0165874,"덕성여자대학교박물관은 초기부터 종합박물관의 성격과 여자대학의 특성을 살려 우리나라 여성들의 생활사를 살펴볼 수 있는 여성생활 문화재를 집중적으로 수집 · 소장하고 있다. 유물은 총 2,367점을 소장하고 있으며, 분야별로 공예, 복식, 서화 등 분야가 다양하다. 특히 목공예와 복식유물은 수차례의 특별전과 국내외 전시를 통해 높은 평가를 받고 있다. 상설전시 뿐만 아니라 지속적인 특별전과 조사, 연구를 통해 전통문화의 체험과 교육적인 정보를 제공하는데 역할을 다하고자 한다.<br>",문화시설,도봉구
작품95-15,,도봉구 쌍문동 653,37.6563598,127.0387723,37.656351,127.038751,"한계원 작가의 작품으로 이 작품은 수직의 직육면체와 원통형의 유기적 형태로 형성되어 있다. 또한 원형과 사각형, 매끄러움과 거칭, 직선과 곡선 등 서로 상반된 조형요소를 사용하고 있는데 이는 살아가면서 느끼는 주변환경과의 갈등을 조화롭게 해소해보려는 인간의 의지를 담고 있다.",조형물,도봉구
함석헌 기념관,도봉구 도봉로123길 33-6,도봉구 쌍문동 81-78,37.6529214,127.0347856,37.652917,127.034787,"함석헌기념관은 우리나라를 대표하는 인권 운동가로 <씨알의 소리>를 창간하고 시인, 교육자, 사상가, 언론인, 역사가로서의 삶을 살았던 함석헌 선생을 기념하기 위함",박물관,도봉구
둘리뮤지엄,도봉구 시루봉로1길 6,도봉구 쌍문동 산 240-5,37.6529565,127.0276512,37.652272,127.027603,"둘리뮤지엄은 둘리가 빙하를 깨고 등장하여 친구들을 만나 재미있는 이야기를 나누는 것과 자연에서 그리운 엄마를 만나는 둘리를 모티브로 만든 작품으로 아이들에게 가족과 자연의 소중함을 알려준다. 또한, 건물을 위에서 바라보면 아기공룡 둘리의 옆모습과 숫자 2를 형상화하여 디자인했으며, 주변 쌍문 근린공원을 이용한 자연과 문화, 사람이 어우러지는 커뮤니티 공간으로 구성하였다. 서울시 도봉구 쌍문동에 위치한 둘리뮤지엄은 지하 1층과 지상 3층으로 이뤄진 뮤지엄으로 각 공간마다 만화 속 에피소드를 테마로 꾸며져 있다. 아이들 눈높이에서 설명해주는 도슨트 해설을 통해 둘리 세상을 여행 할 수 있다. 1층 매직어드벤처는 오감을 만족시킬 수 있는 공간이다. 2층엔 코믹테마타운이 있고, 3층은 드림스테이지가 있다.",박물관,도봉구
이회림 묘,,도봉구 쌍문동 산83-18,37.6540126,127.0317138,36.654013,127.031725,"조선 초기 문·무신으로 태종 때 원종공신에 책록되고 죽은 후에 좌의정에 추증된 이회림(李懷林, ?~1451)의 묘이다. 부친 이종무는 조선 개국 원종공신이며, 아들인 저헌 이석형은 세종 때 조선에서 처음으로 3과에 장원(생년과, 진사과, 식년문과)을 하였으며, 한성판윤으로 재임되어 가장 오랫동안 임무를 수행하였다. 묘는 문종 1년(1451) 처음 조성되었고 인조 14년(1636) 병자호란에 훼손되어 후손이 재정비하였으며, 모표와 문인석도 이때 세워진 것으로 보인다. 묘는 정경부인 박씨와 위아래에 조성되어 있고, 그 위에는 부친 이종무의 단이 자리하고 있다. 묘의 위치와 배치에 관한 사항은 조선시대 한문 4대가인 월사 이정귀의 월사집에서 확인할 수 있다. 묘와 석물들로 보아 조선 초·중기 묘역의 특징을 알 수 있으며 관리가 잘 되어 도봉구 향토문화재로 지정되었다.",문화재,도봉구
이회림묘,,도봉구 쌍문동 산83-19,37.6526574,127.0300678,,,,,도봉구
도봉문화정보도서관,도봉구 덕릉로 315,도봉구 창1동 418,37.6445808,127.0438827,37.644461,127.043983,"도봉문화정보도서관은 지역주민의 정보이용, 독서진흥, 문화활동의 장을 마련하기 위해 2001년 10월 9일 개관하였으며, 보유 장서 14만권, 전자책 10,600권과 연간 386,000여명이 이용하는 도봉구립대표도서관이다. 운영시설로는 건물규모 3,216㎡ 의 지하1층, 지상2층의 시설에 종합자료실, 컴퓨터교육실, 멀티미디어실, 어린이열람실, 자유열람실 등이 있으며, 성인 및 청소년들을 위한 교육, 문화 및 독서문화 활성화 공간으로 활용하고 있어, 열린 도서관으로서의 역할과 지역주민의 평생학습의 장으로 활용되고 있다.
초안산근린공원 내에 위치하고 있어 주변의 산책로와 체육시설 등을 휴식공간으로 활용할 수도 있다.",도서관,도봉구
도봉아이나라도서관,도봉구 노해로69길 151,도봉구 창4동 808-1,37.6590072,127.0494699,37.659003,127.04947,"도봉아이나라도서관은 어린이들을 위한 도서관 및 문화정보 기능을 위해 2008년 4월 17일 도봉어린이문화정보도서관으로 개관하였으며, 2018년 4월 8일 “도봉아이나라”로 명칭을 변경하고, 보유 장서 8만1천권, 영어원서 18,000권, 전자책 651권과 연간 193,000여명이 이용하고 있다. 건물규모 1,497.59㎡, 지하1층, 지상3층의 시설에 유아열람실, 디지털자료실, 자료열람실과 독서 데크, 다목적강당과 문화교실 등으로 운영되고 있다. 도봉아이나라는 미취학아동과 초등학생어린이들의 교육, 문화 및 독서문화 활성화 공간으로서 아동의 눈높이에 맞추어 더 큰 꿈과 생각을 열 수 있는 글로벌 인재를 양성하는 영어특화도서관이다.
인근에 시립창동청소년수련관과 문화체육센터가 위치하고 있어 다양한 문화·체육활동 공간으로 활용할 수도 있다.",도서관,도봉구
농도불이,도봉구 노해로69길 15-15,도봉구 창동 10,37.6527842,127.0499606,37.652782,127.049965,"정대현 작가의 작품으로 농촌과 도시는 둘이 아닌 하나가 되어야 하며, 우리는 하나라는 인식을 같이 할 때 서로가 함께 발전해나갈 수 있음을 상징",조형물,도봉구
아름다운 산,도봉구 노해로69길 15-15,도봉구 창동 10,37.6527842,127.0499606,37.652782,127.049965,"정대현 작가의 작품으로 전체적인 형상은 우리의 아름다운 강산을 상징하고 서로 의지하고 조화를 이루는 세 개의 조형물을 통해 자조,자립,협동을 표현함. 작품의 외곽선은 단순하게 처리하면서 공간을 적절히 배치하여 건물과의 조화와 함께 자연 친화적인 느낌을 갖도록 설계하였음.",조형물,도봉구
약사비,도봉구 노해로69길 15-15,도봉구 창동 10,37.6527842,127.0499606,37.652782,127.049965,"농업협동조합이 오늘날까지 이르는 동안의 역사성을 기록하고 농촌과 도시는 결코 분리될 수 없다는 일체감을 상징하며, 아울러 약사비를 받치는 조형물은 ‘농촌과 도시가 합심하여 의지를 모으자’는 뜻에서 응집된 힘을 조형적으로 표현한 작품임.",조형물,도봉구
창동리 석조이정표,,도봉구 창동 253,37.6547466,127.0453877,37.65471569,127.0452842,조선시대 양곡창고가 이 지역에 있었기 때문에 창골이라 부르던 것에서 유래된 ‘창동리’는 조선시대 마을이름이다. 창동리 석조 이정표는 창동 초등학교 옆 공터에 옛날부터 있었으나 오랜 풍화작용으로 창동리라고 음각한 흔적은 찾아보기 어렵다. 1994년 서울 600년 기념사업으로 서울의 명소 267번으로 지정되기도 했던 창동리 석조 이정표는 창동지역의 옛 이름을 새긴 이정표로서 그 의미가 있어 도봉구 향토문화재로 지정되었다.,문화재,도봉구
도봉문화원,도봉구 도봉로 552,도봉구 창동 303,37.6540005,127.0386044,37.65408959,127.0384297,도봉문화원은 1994년에 설립되었으며 지역의 역사와 다양한 문화정보를 제공하여 지역주민의 문화적 삶의 질 향상을 위한 다양한 문화사업을 운영하고 있다.<br>,문화시설,도봉구
창동역사문화공원,도봉구 도봉로 552,도봉구 창동 303,37.6540005,127.0386044,37.654399,127.038546,"청소년이 주도하고 주민이 함께 우리나라의 역사적 교훈을 기리기 위해 조성한 평화의 소녀상과 일제강점기 도봉구 창동에 거주했던 창동3사자 (가인 김병로, 고하 송진우, 위당 정인보) 동상을 조성해 놓은 공원",문화시설,도봉구
생태-사랑,도봉구 노해로 341,도봉구 창동 338,37.651399,127.0458986,37.648394,127.027855,"한계원 작가의 작품으로 같은 시대에 공존하면서 서로를 긍정적인 시선으로 바라볼 수 있는 아름다운 세상,본 작품은 그런 사랑으로 삶을 사는 사람의 의지를 표현함.형식상으로는 내용에 상응하는 부드러운 곡선과 힘을 내포한 둥근 원통형을 사용, 재료를 석재로 사용하여 전체적 분위기를 쇄신하려 노력함.",조형물,도봉구
유토피아 - 미지의 세계,도봉구 덕릉로59차길 37,도봉구 창동 585-1,37.6402476,127.0353461,37.640245,127.035352,"이일호 작가의 작품으로 사람의 얼굴과 머리카락을 절제된 기하학적 패턴으로 요약하면서 최대한의 공간성을 확보,인간의 지성으로부터 사고의 세계를 넓혀나감을 형상화하여 무한히 뻗어나가는 인간의 자유로운 의지를 상징한 작품임.",조형물,도봉구
국립현대미술관 창동레지던시,도봉구 덕릉로 257,도봉구 창동 601-107,37.6406895,127.039364,37.640678,127.039367,"국립현대미술관 창작스튜디오는 미술작가들의 창작 여건 활성화와 한국현대미술의 국제화를 위해 국립현대미술관이 운영하는 곳으로, 미술작가들의 창작활동 지원을 위해 안정된 작업공간을 제공하고, 국내외 미술작가들의 국제교환입주, 워크샵 등의 활발한 교류를 지원하며 또한 지역주민과 함께할 수 있는 다양한 전시활동 및 문화탐방, 어린이 교육프로그램 등을 운영하고 있다.

 회화․도자실, 목공예실, 복식실, 금속공예실 등 4개의 실내전시장과 야외전시장 1개를 운영하고 있으며소장유물은 총 2,400여건에 약3,500여점을 소장하고 있다. 분야별로 공예, 복식, 서화 등 분야가 다양하다. 특히 대표적인 목공예와 복식유물은 수차례의 특별전과 국내외 전시를 통해 높은 평가를 받고 있고 상설전시 뿐만 아니라 지속적인 특별전과 조사·연구를 통해 전통문화의 체험과 교육적인 정보를 제공하는데 역할과 더불어 지역사회의 문화교육기관으로서 열린 문화공간이자 평생학습의 장으로 활용하고 있다.",전시장,도봉구
생성 +apple,도봉구 도봉로106길 23,도봉구 창동 624-1,37.6449596,127.0340909,37.644955,127.034086,"유병영 작가의 작품으로 단순한 일상적인 오브제와 자연에서는 볼 수 없는 완전한 구의 형태변형에서 오는 일차원적인 재미와 통일감,율동을 동시에 느낄 수 있도록 구상한 작품임.주 출입구에 설치되어 주목성을 살리면서 그 형태를 한국적인 필선과 각기 짜맞춘 미니멀 아트(minimal art)형식의 현대적 시대성을 강조한 예술장식품으로 형상화하여 연출함.",조형물,도봉구
우리들의 천국,도봉구 도봉로106길 22,도봉구 창동 647-1,37.6443448,127.0337226,37.644344,127.033727,"박석윤 작가의 작품으로 안락한 풍요로움,희망,꿈 등을 공동 컨셉으로 함. 벽면을 가르며 보드를 타고 내려오는 어린이를 조형화하였음. 전통적인 부조의 단조로움,진부함을 거부하고 설치형태의 모던한 조형물로 슈퍼밀러스틸로 하늘을 비추게 하며, 브론즈 인물로 리얼리티를 더하여 누구나 쉽게 작품의 의도를 알 수 있는 형상임.",조형물,도봉구
space-Ubiquitous,도봉구 도봉로104길 49-21,도봉구 창동 647-11,37.6438197,127.0342892,37.643819,127.034291,"이철희 작가의 작품으로 장소의 중요성을 알리며 동시에 현 순간이 생의 가장 중요한 시점임을 상징하는 내용을 담음과 동시에 디지털 시대의 상징인 2진법의 숫자 0과 1을 투각하여 현 시대의 감각을 표현한 작품. 기후 환경을 고려,내구성이 좋은 화강석과 스테인레스 스틸을 사용하여 제작한 작품임.",조형물,도봉구
무제,도봉구 도봉로 476,도봉구 창동 659-29,37.6478375,127.0347482,37.647834,127.034748,최기석 작가의 작품으로 동선과 시설에 제약을 받지 않으면서 자유롭게 작품을 감상할 수 있게 하였음.또한 옛 조형의 덩어리만의 답답함을 극복하고자 가운데 시선을 둘 수 있는 공간을 뚫어 줌으로써 앞 뒤 공간의 자연스러운 소통을 갖게 하여 작품 감상 때 편안한 감상을 할 수 있음.쇠가 갖는 빛깔과 질감으로부터 철의 미묘한 표정을 읽어낼 수 있을 것임.,조형물,도봉구
용덕사,강북구 삼양로179길 209-81,강북구 우이동 244-4,37.6720274,127.0056903,37.6679006,126.9988537,"북한산에 자리한 용덕사는 언제 누가 창건했는지 정확히 알 수 없는 사찰이다. 다만 예로부터 용의 명당터로 알려져 뭇사람들의 기도처로써 지금까지 내려오고 있는 곳이다. 이러한 차에 중천(中天) 스님은 이 곳을 찾는 사람들이 부처님의 바른 법을 따르고, 용덕사를 올바른 기도도량이 되기를 발원했다. 그래서 1997년 인도에서 부처님의 진신사리(眞身舍利) 3과(顆)를 모셔와 사찰의 면모를 적멸도량(寂滅道場)으로 바꾸었다.
적멸도량은 석존의 진신사리를 모신 전각 또는 장소를 말하는 것으로, 석존이 깨달음을 얻은 후 최초의 적멸도량회(寂滅道場會)를 열었던 마가다국 남쪽의 보리수 아래 금강좌(金剛座)에서 비롯된 것이다. 지금의 적멸도량은 대부분 언덕 모양의 계단(戒壇)을 쌓고 부처님의 진신사리를 봉안하고 있다. 진신사리는 부처와 동일체로 경건한 숭배 대상이 되는 것으로, 석존이 항상 그곳에서 적멸의 법을 설하고 있음을 상징하는 곳으로 여기고 있는 것이다.
우리나라에서는 자장(慈藏)스님이 당나라에서 돌아올 때 모셔온 부처의 정골사리(頂骨舍利)를 나누어 봉안한 5대 보궁이 가장 대표적인 곳이다.
그리고 완주의 안심사(安心寺), 현풍의 용연사(龍淵寺), 사천의 다솔사(多率寺) 등도 적멸보궁으로 익히 알려져 많은 참배객의 발길이 끊이지 않는다.",전통사찰,강북구
장용학기옥,은평구 연서로 183-10,은평구 갈현동 462-44,37.6149658,126.9174714,37.6149658,126.9174714,"장용학 가옥은 장편소설 ‘원형(圓形)의 전설’의 작가 장용학(張龍鶴, 1921~1999)이 1970년부터 1999년까지 기거하던 사택으로 서울특별시 은평구 연서로 183-10에 소재한 주거시설이다. 그의 마지막 작품인 단편 ‘하여가행’이 집필된 곳이기도 하다.
함경북도 부령에서 태어나 일본 와세다대학 상과 2년을 중퇴한 장용학은 1947년 월남, 1949년 연합신문에 단편 ‘희화(戱畵)’를 발표하면서 등단하였다.
그는 대표작인 ‘요한시집’을 비롯해 ‘비인탄생(非人誕生)’, ‘원형(圓形)의 전설’등 전후의 인간의 실존적 문제를 다루어 1950년대 우리 문단에 ‘관념소설’이란 새 영역을 개척하였다.
‘날개’의 이상(李箱)이후 가장 실험적인 작가라는 평가를 얻은 장용학은 특유의 국한문혼용 문장과 의식의 흐름을 반영한 소설들로 난해한 작품 세계를 추구한다는 평을 듣기도 하였다.",서울미래유산,은평구
구립구산동도서관마을,은평구 연서로13길 29-23,은평구 구산동 17-37,37.6097019,126.9129562,37.6096052,126.9130176,"개관일 : 2015. 11. 13
좌석수 : 350석(자료실)
※ 별도 열람실 없음
시설현황 : 대지 1,572m², 연면적 : 2,550m²
휴관일 : 매주 월요일",추천명소,은평구
수국사,은평구 서오릉로23길 8-5,은평구 구산동 산 135-1,37.6117223,126.9103085,37.61594996,126.904768,"서울시 은평구 구산동 314번지에 소재한 대한불교조계종 수국사는 오랜 역사를 가진 고찰이다. 세조 5년(1459) 맏아들 의경대왕이 요절하자, 고양 봉현 능을 건립하고 원찰(願刹)로 삼아 중창한 것이 정인사(正因寺)인데 이 정인사가 바로 수국사의 전신이다. 정인사는 119칸의 호화찬란한 대찰로 광릉의 봉선사와 맞먹을 만한 풍광이 뛰어난 명찰이었다고 한다. 수덕사는 숙종과 인현왕후 능인 명릉의 원찰 기능까지 수행했지만 조선 후기에는 불상만 남긴 채 폐허가 되었는데 광무 4년(1900) 세자이던 순종이 병으로 위독하자 고종의 명으로 월초스님이 기도하여 병이 쾌차, 스님의 소원으로 수국사를 다시 중창하게 되었다. 1907년에는 불상의 개금과 불화 13점 등이 왕실의 발원으로 이루어지게 되는 등 수국사는 서울 근교의 명찰로 이름을 드날리게 되었다.<br><br>이후 6.25동란으로 피해를 입어 건물 대부분이 파괴되었는데 역대 주지스님들이 계속하여 중창을 거듭해오다 1995년에 황금법당으로 중창하여 현재에 이르고 있다. 우리나라에 존재하는 유일한 금으로 칠해진 황금법당은 외9포, 내15포, 108평 규모에 청기와로 된 전통 목조법당이며 법당 안팎을 기와 이외에는100% 순금으로 개금 불사했다. 현재 수국사에는 보물로 지정된 고려 목아미타불좌상(高麗 木阿彌陀佛坐像) 1점과 불화(아미타후불탱, 십육나한탱, 구품탱, 감로탱, 신중탱, 현왕탱) 6점이 남아있다. 수국사는 1459년에 세조의 큰아들 숭(崇:덕종으로 추존)의 왕생을 위해 고양군 동쪽 봉현(峰峴)에 능침사찰(陵寢寺刹)로 창건을 명한 정인사(正因寺)의 후신(後身)이다.
하지만 재목이 부실하다 하여 1471년에 덕종의 부인이자, 성종의 모후인 인수대비(仁粹大妃) 한씨(韓氏)가 판내시부 이효지(李孝智)에게 중창할 것을 명하여 총 119칸의 규모로 중창하는데, 당시 사격(寺格)이 봉선사(奉先寺)와 쌍벽을 이루었다고 한다.
1721년에는 서오릉에 소재하는 숙종(肅宗)과 인현왕후(仁顯王后)가 안장된 명릉(明陵)의 능침사찰로 지정되면서 이름도 수국사로 바뀌었다.
순종이 태자시절 북한산성을 관리하는 승병의 최고책임자인 총섭 월초스님의 기도로 쾌차되어 이를 계기로 고종의 후원을 얻어 1900년 수국사를 중창하였다.
그 뒤 6.25 전란으로 옛 모습은 잃었지만, 역대 주지스님들이 계속하여 중창을 거듭해 오다 1995년 황금법당을 지었다.
황금보전 법당은 외 9포, 내 15포,108평 규모에 청기와로 된 전통목조법당이며 법당 안팎을 기와 이외에는 100% 순금으로 개금불사했다.
현재 수국사에는 보물 제1580호 고려 후기 불상 목조아미타여래좌상 및 복장유믈 36종 88점과 서울시 유형문화재 6점(아미타불화, 십육나한도, 극락구품도, 감로도, 신중도, 현왕도)이 있다",관광지,은평구
청기와양복점,은평구 통일로 697,은평구 녹번동 117-114,37.6082436,126.9315517,37.6082436,126.9315517,"청기와양복점은 1973년 개업하여 같은 장소에서 2대째 가업을 이어오고 있는 맞춤형 양복점이다. 현 위치에서 황재홍 씨가 개업해서 현재까지 운영하고 있으며, 1999년부터 아들 황필승 씨가 재단사로 일하기 시작하면서 2대째 양복점을 이어 오고 있다. 황재홍 씨는 1981년 전국 주문신사복기술경기대회에서 대상을, 1983년 신사복콩크르대회기술대상에서 금메달을 수상했으며, 아들 황필승 씨는 2000년 국가 공인양복기능사에 수석으로 합격하는 등 양복기술을 인정받고 있다. 옛날에는 전두환, 노태우, 김대중 대통령의 가족이 청기와양복점에서 양복을 맞춘 적도 있다고 한다. 청기와양복점은 2013년 은평구청으로부터 30년 이상 대를 이어 업체를 경영한 가업 승계업체로 선정되었고, 2016년 서울미래유산에 선정되었다.",서울미래유산,은평구
윌리엄해밀턴쇼 동상,은평구 응암로 376,은평구 녹번동 153-16,37.6044835,126.9232067,37.6056987,126.9229972,"우리나라의 해군 및 해병대 창설에 크게 공헌한 미 해군대위 서위렴2세(William Hamilton Shaw)의 숭고한 한국사랑과 거룩한 희생을 추모하기 위하여 건립하였다. 서위렴2세는 6.25 전쟁 발발시 미국 하버드대학교에서 박사과정을 공부하는 학생신분이었음에도 불구하고, 자신이 태어나고 자란 제2의 조국인 대한민국의 자유와 평화를 지키기 위해 미 해군으로 자원입대하여 서울 수복 작전 중 1950년 9월 22일 은평구 녹번리 전투에서 29세의 꽃다운 나이에 전사하였다. 그가 전사한 녹번동에 비가 세워졌다가 응암어린이 공원을 거쳐 2010년 현 위치로 이전하였다.<br /><br />* 규격 - 비높이 1.57m<br />* 건립자 - 서위렴2세전사기념비건립위원회(1956.09.22. 건립)<br>",관광지,은평구
서울혁신파크,은평구 통일로 684,은평구 녹번동 5,37.6084167,126.9337532,37.60881798,126.9341711,"사회 문제 해결을 고민하고 활동하는 사회 혁신가들이 캠퍼스와 같은 공간에 모여 소통과 협력하며 문제를 해결할 수 있도록 조성한 국내 최초 사회혁신 플랫폼이다. 2015년 개원한 서울혁신파크는 1,000명의 시민 혁신가를 모집하였으며 2021년 현재 250여 혁신 그룹, 1,300여 명의 혁신가가 상주하여 활동하고 있다.<br>공유동(서울시 지원조직 및 다목적 공간), 극장동(시민 대상의 대중문화 공동 작업장), 맛동(서울시 식생활 종합지원센터에서 운영하는 식문화), 목공동(전문 장비와 전문가가 상주하는 목공 작업장), 미래청(서울시 지원조직 및 혁신가 입주공간), 상상청(혁신가 입주 및 다목적 실험공간), 서울기록원(시정, 시민 기록을 수집, 기록의 가치를 공유하는 공간), 서울시50플러스서부캠퍼스(50+세대의 인생 재설계 지원공간), 야외공간(다채로운 혁신 활동이 움트고 자라나는 공간), 연결공(시민과 혁신가의 만남 공간), 연수동(혁신가들의 실험과 휴식이 있는 소셜 커뮤니티 호스텔), 예술동(예술실험공간), 재생동(버려진 자원의 재사용을 모색하는 활동 공간), 제작동 (지식과 기술을 공유하며 일상을 유쾌하게 만드는 사람들의 공간), 참여동(서울시 지원조직 및 시민 편의공간), 청년청(청년들이 다양한 실험과 시도를 통해 경험을 축적하는공간), 홍보관(서울혁신파크 홍보 및 안내 공간)으로 구성되어 있다.<br>지하철 3호선 불광역 2번 출구 서울특별시 공동체종합지원센터에 있다.",문화시설,은평구
은평문화예술회관,은평구 녹번로 16,은평구 녹번동 85-4,37.6036744,126.927865,37.60370735,126.9279079,"지역문화 향상과 예술의 진흥 발전을 위해 구민의 뜻을 모아 1994년 1월 착공하여 2년 9개월의 공사기간과 총 사업비 176억원을 들여 1996년 11월 15일 개관하였다.<br /><br />문화예술회관은 음악회, 연극 등 공연을 수용할 수 있는 공연장과 회화, 사진 등 전시회를 열수 있는 기획전시실과 홍보전시실의 문화공간과 각종 회의 등을 할 수 있는 대회의실과 소회의실이 있다. 또한, 문화강좌실 4개소와 야외공연장 등 문화공간이 다양하게 이루어져 있다.<br>",문화시설,은평구
서울기록원,은평구 통일로62길 7,은평구 녹번동 산 1-61,37.6069471,126.9348467,37.60727928,126.9344461,"서울기록원은 서울특별시 시정 기록과 서울 시민의 기억과 기록을 수집하여 전문적으로 보존, 관리하고 대시민 기록정보서비스를 제공하는 공공 아카이브다. 기록의 이관과 수집, 기록 보존과 복원, 기록 관리 교육, 전시와 강연, 세미나, 워크숍 등 다양한 프로그램을 운영하고 있다. 견학 프로그램은 서울기록원과 일정, 방문 인원, 프로그램 등을 사전 협의하며 예약제로 운영된다.",문화시설,은평구
불광대장간,은평구 통일로69길 15,은평구 대조동 80-7,37.6111673,126.9270734,37.6112906,126.927254,"1963년에 개업하여 옛방식으로 공구를 제작하며 2대째 가업을 이어오고 있는 대장간이자 철물점이다. 주요 취급품목은 농기구, 건축도구, 생활도구이다. 1950년 창업주 박경원 씨는 한국전쟁 중 피난생활에 굶주린 배를 달래기 위해 대장간에서 허드렛일을 돕기 시작했다. 1953년부터 리어카에 화덕을 만들어 이동식 대장간 형태로 돌아다니면서 영업을 했다.
1963년에 비로소 불광초등학교 건너 개천 옆에 불광대장간을 개업하여 1973년 도로가 개설되면서 대조동 현 위치로 이전했다. 1978년에는 국수집이었던 옆 점포도 임대해서 점포를 확장했다. 1970년대 건설경기가 좋았던 때는 건설용 공구가 불티나게 팔렸는데 밤샘 작업을 하며 주문 물량을 만들어내기에 바쁜 때였다. 그때가 불광대장간의 전성기였다.",서울미래유산,은평구
불광동성당,은평구 통일로 786,은평구 불광동 286-53,37.614899,126.9264353,37.614899,126.9264353,"1986년에 지어진 철근콘크리트조의 종교 건축물로써 한국 100대 건축물 중 하나이다.
건축가 김수근의 3대 종교건축물로 손꼽히며 건축의 아름다움과 종교 건축의 조형미를 동시에 추구한 건축물로써 한국 근현대 건축문화사를 대표하는 건물 중 하나로 평가받는다.
1985년에 준공했으며 1997년에 증축했고 2010년에 부분 철거 및 증축을 거쳐 건축 원형은 보존하고 인테리어를 현대식으로 변경했다.
건축가 김수근이 작고하기 1년 전인 1985년에 설계한 건물이다. 경남 마산의 양덕성당, 장충동 경동교회와 함께 김수근의 3대 종교 건축물로 꼽히는 붉은 벽돌건물이다.",서울미래유산,은평구
향림도시농업체험원,은평구 연서로43길 16-15,은평구 불광동 462-1,37.6279697,126.9268761,37.6277463,126.926792,"향림도시농업체험원의 면적은 24,615㎡이며, 텃밭, 논, 치유정원, 약용식물원, 저류연못, 계류, 토끼장, 퇴비장 등으로 구성되어 있다.
공원 형태로 개방이 되어 있고 지역주민, 도시농업에 대해서 관심이 많은 사람들에게 교육 및 체험의 기회를 제공하고 있다.",체험,은평구
천간사,은평구 불광로10길 20-8,은평구 불광동 642-1,37.6173277,126.9343385,37.61739754,126.9341958,"천간사는 1960년에 창건되었다가 2009년 재개발로 인해 재건축되었다. 사찰에는 부처님 진신사리탑이 있으며, 창건주스님 부도탑과 육영수 여사의 추모공덕비 등 다수의 비석과 탑들이 있다. 새로 신축하면서 국토해양부로부터 2011년 올해의 대한민국 한옥상을 수상하였다. 북한산과 둘레길이 바로 옆에 있어 공기가 좋으며, 하이킹을 즐길 수 있다.<br>",관광지,은평구
북한산 족두리봉,은평구 진흥로 325,은평구 불광동 산 42-1,37.6124215,126.9440405,37.6170726,126.9352735,"서울의 진산인 북한산은 은평구와 성북구, 강북구, 도봉구와 경기도 의정부시, 양주시, 고양시에 걸쳐 있다. 최고봉인 백운대와 동쪽의 인수봉, 남쪽의 만경대가 뻗어내린 화려한 능선이 일 년 내내 등산객들의 발길을 끌어모은다. 족두리봉은 북한산 가장 남서쪽에 솟은 높이 370m의 봉우리다. 멀리서 보면 봉우리 모양이 족두리를 쓴 것처럼 보인다고 해서 붙은 이름인데 한편으로는 독수리의 머리처럼 보인다고 하여 수리봉, 인수봉을 그대로 옮겨놓은 듯하다고 하여 ‘작은 인수봉’으로도 불린다. 불광역에서 출발하면 약 50분이면 족두리봉에 오를 수 있다. 시간은 짧지만, 난도는 조금 높다. 급경사의 계단은 물론 위험한 바위 구간이 있어 주의가 필요하다.",관광지,은평구
형제대장간,은평구 수색로 249,은평구 수색동 102-49,37.5814673,126.8960537,37.5813449,126.8959717,"형제대장간은 류상준 씨(형)와 류상남 씨(동생) 형제가 함께 운영하는 대장간이다.
형 상준 씨는 초등학교 졸업하고 곧바로 대장장이 길로 들어섰다.
마침 동네(서울 모래내)에 전국적으로 이름이 난 대장장이 박용신 씨가 살았다.
풀무질부터 차근차근 배웠다. 성격이 꼼꼼하고 인내력이 강해서 나이는 어렸지만 스승에게 인정을 받았다.
10년 동안 모래내에서 대장장이 기술을 익힌 뒤 1976년 서울 암사동에서 독립해 처음 대장간을 차렸다.
그 뒤 모래내로 옮겼다가 1997년부터 수색에 자리잡았다. 이때부터 동생이 함께 하기 시작하면서 ‘형제대장간’ 간판을 달았다.
사극을 제작하는 방송국에서도 드라마에 사용할 병장기를 바로 주문한다. 드라마 <식객>에서 사용된 ‘서울식 전통칼’을 제작하기도 했다. 문화재청도 단골이다.",서울미래유산,은평구
수색역,은평구 수색로 261-1,은평구 수색동 81,37.5802897,126.8959692,37.5802897,126.8959692,"서울특별시 은평구 수색동에 있는 경의선 철도역이다.
디지털미디어시티역과 화전역 사이에 있다. 1908년 4월 1일 보통역으로 영업을 시작하였다. '수색'이라는 지명은 일명 물치 또는 무르치라는 옛이름에서 유래한 것이다.
우리말인 무르치는 물치라는 말에서 음이 변한 지명이다. 무르치는 수색역 앞에서 서쪽으로 뻗어있는 넓은 들 건너편에 위치한 마을 이름이다.
이 마을은 장마철만 되면 물이 차올라 마을과 벌판 등이 온통물 일색으로 변해버린다고 하여 무르치가 되었고 이를 한자로 표기하여 수색(水色)이 된 것이다.
1958년 8월 19일 역사가 준공되었고, 2005년 3월에 임시역사로 이전되고 구 역사는 철거되었다. 2006년에 신 역사가 완공되어, 2009년 7월 1일 수도권 전철 경의선이 개통되었다.",추천명소,은평구
내를건너서숲으로 도서관,은평구 증산로17길 50,은평구 신사동 산 80-66,37.5925305,126.9075307,37.5910476,126.9096189,"개관일 : 2018. 6. 21
좌석수 : 170석(자료실)
※ 별도 열람실 없음
시설현황 : 대지 1,200m², 연면적 : 1,982m² (지하1 / 지상2층)
휴관일 : 매주 월요일",추천명소,은평구
봉산 편백나무 치유의 숲,,은평구 신사동 산 93-8,37.5955775,126.9021515,37.6026957,126.9291119,"남부 지방에서 잘 자라는 편백나무를 도입한 서울시 최초의 시범사업으로 시민과 함께 조성한 '봉산 편백나무 치유의 숲'이다.
숲에서 나오는 피톤치드는 스트레스를 해소하고, 장과 심폐기능을 강화하며, 살균작용이 있는 것으로 알려져 있으며, 그 중 편백나무의 피톤치드가 다른 나무에 비해 양도 많고, 우수하다고 알려져 있다.
편백나무가 자라서 건강한 치유의 숲을 이룰 수 있도록 함께 가꾸어 주세요.
조성개요
위치 : 은평구 신사동 산 93-8일대(봉산 숭실고 주변)
기간 : 2014년 ~ 2018년
면적 : 7ha
수량 : 12,400주",추천명소,은평구
인조별서유기비,,은평구 역촌동 8-12,37.6087228,126.9166128,37.6087228,126.9166128,"이 석비는 조선왕조 제16대 임금 인조(仁祖,1623~1649)가 반정(反正)으로 왕위에 오르기 전에 머물렀던 별서(別墅)를 기념하고자 숙종21년(1695)에 세운 것으로 인조반정에 관련된 중요한 역사적 사실과 그 현장을 증명해 주는 사료로써 가치가 있다. 표제는 조선 19대 숙종(肅宗)의 어필(御筆)로 〔인조대왕용잠지시별서유기비(仁祖大王龍潛之時別墅遺基碑)〕라고 쓰고 뒷면 음기(陰記)는 숙종의 어제(御製)를 동평군(東平君) 이항(李杭)이 쓰고 있어 가치를 더해준다. 석비의 조형적 측면에서도 거북받침돌은 중국의 영향을 받아 새롭게 등장한 조선시대 초기양식의 전통을 잇고 있는 동시에 지붕돌은 이수 대신 간결한 한옥양식으로 변화된 후기 석비양식의 특징을 완벽하게 보여주고 있어 조선시대 석비예술의 흐름을 파악하는 데도 귀중한 자료가 되고 있다.",문화유산,은평구
응암정보도서관,은평구 가좌로7길 15,은평구 응암3동 730-3,37.5859315,126.9196742,37.58602315,126.9197119,"응암정보도서관은 ‘북한산 큰 숲, 사람의 마을 은평’에 위치한 공공도서관이다. 2009년 개관하여 은평구의 대표적 공공도서관으로써 응암정보도서관은 ‘문화(文化)와 창조(創造)의 시대를 여는 창(窓)’의 비전을 가지고 인간중심의 발전적 시대를 열어가는 견인차 역할을 수행하고 있으며 지역의 융합과 소통을 중시하고 있다. 이는 도서관 사서의 전문성을 바탕으로 은평구의 지역성과 대중성, 이용자 중심의 도서관 운영 프로그램을 개발·보급에 앞장서고 있다.<br>",문화시설,은평구
포수마을 만화도서관,은평구 증산로 478,은평구 응암동 114-9,37.5981463,126.9161887,37.5869005,126.9097744,"불광천 진입로에 있는 컨테이너 박스로 만든 도서관으로 주민센터에서 관리하고 주민 봉사자들이 운영한다.
2014년 주민참여예산 제안사업으로 만들어졌으며 열람석은 15석 내외이며 2,700여 권의 장서가 비치되어있다.
필요에 따라 회의 공간으로 사용도 가능하다.
이용 시간 : 13:30 ~ 17:30
(동절기 1~2월 : 13:00 ~ 17:00)
휴관일 : 매주 수요일, 일요일 및 법정공휴일
※ 도서대여는 불가",추천명소,은평구
응암동 감자국 거리,은평구 응암로4길 27-2,은평구 응암동 602-17,37.587391,126.9172063,37.58721462,126.9166872,"장충동에 족발이 있고 청진동엔 해장국이 있다면 응암동엔 감자탕이 있다. 응암동 대림시장에 있는 응암동 감자국거리에 가면 이화감자국, 장군감자국, 시골감자국, 응암동감자국, 대림감자국 등 어느 집에 들어가도 실패하지 않을 감자국 전문점들이 버티고 있다. (응암동에서는 감자탕을 감자국이라는 하는데 감자탕은 올림말이고 감자국은 내림말이라고 한다. 누구나 즐길 수 있는 서민적인 음식이라는 의미를 강조하기 위해 응암동에서는 감자국이라고 한다.)<br /><br />응암동에서 감자국을 팔기 시작한 것은 1980년대 중반부터라고 한다. 대림시장에 있던 식당에서 돼지 뼈를 우린 국말에 감자, 우거지 등을 넣고 끓인 감자국을 팔기 시작했고 감자국의 인기가 알려지자 1980년대 후반부터는 타 지역에도 감자국(감자탕) 전문 식당이 생기기 시작했다. 그리고, 최근에는 전국 어디에 가더라도 얼큰한 감자탕 맛을 즐길 수 있게 되었다.감자국이 이렇게 인기를 끌게 된 데에는 값싸게 푸짐하게 먹을 수 있다는 점 외에도 감자국의 주원료인 감자와 돼지고기가 영양식으로 각광받게 된 것도 한 역할을 했다.잘 알려져 있는 것처럼 감자에는 수분 외에 녹말, 단백질, 무기질, 환원당, 비타민C, 필수아미노산이 함유되어 있으며, 또한 감자에 포함된 비타민C는 조리 후에도 거의 파괴되지 않는다고 한다.<br /><br /> 그리고, 돼지고기는 풍부한 영양소 외에도 성인병 예방에 좋고 독소제거 효능이 있다고 한다. 때문에 최근에 감자국이 남녀노소가 사시사철 찾는 가족음식이 되고, 전국적으로 감자국 전문식당을 쉽게 찾을 수 있지만 원조 감자국에는 타지에서는 맛볼 수 없는 무언가가 있다. 제대로 된 국물맛을 내기 위해 수년간 참으로 많은 돼지뼈와 감자를 갖다 버렸다는 원조의 감자육수 제조비법은 절대 다른 곳에서는 흉내낼 수 없을 것이다. 또한 매일 담그는 겉절이와 시원한 깍두기, 달콤 짭짤한 쌈장에 배추속까지 모두 원조 감자국의 맛을 배가한다. 원조 감자국의 차이를 체감하고 싶다면 오늘 당장 응암동 감자국 거리로 떠나보자. 감자국은 밥상보다는 술상에 제격이라는 말이 있듯이 저녁시간에 가는 것이 더 좋겠다. 남은 감자탕 국물로 만들어 먹는 비빔밤도 잊지 말아야 할 것이다.<br>",관광지,은평구
증산체육공원,은평구 증산로5길 35-27,은평구 증산동 산 18-6,37.5843135,126.9032884,37.58443137,126.9030357,"산속에 조성되어 있어 운동하는 동안 신선한 공기를 마실 수 있는 증산체육공원은 은평구 수색 증산 뉴타운 반홍산 내에 위치하고 있는 46,100㎡ 규모의 체육공원이다. 증산 생활체육 광장이라고도 불리며, 인조 잔디가 깔린 축구장 1면과 풋살구장, 농구장, 배구장과 족구장을 갖추고 있다. (6호선 증산역 3번 출구 증산초등학교와 증산중학교 뒤편)",관광지,은평구
숙용심씨묘표,,은평구 진관동 126,37.642067,126.9405276,37.642067,126.9405276,"숙용 심씨 묘표는 조선 제9대 임금 성종의 후궁인 숙용(淑容) 심씨(沈氏)묘의 존재를 알려주는 왕실 관련 유물이다.
400여 년간 일본에 있다가 유물을 해체하여 2001년 국내로 반환되었다.
특히 비 머릿돌은 수룡을 구름무늬 속에 표현한 것으로 조각이 뚜렷하고 섬세하다.",문화유산,은평구
은평한옥마을,은평구 연서로50길 7-12,은평구 진관동 127-27,37.6413672,126.9391609,37.64148649,126.939203,"은평 한옥마을은 북촌, 서촌에 이은 새롭게 만들어지고 있는 한옥 단지이다. 여유로움과 도심 속 전원을 한껏 느낄 수 있다. 국립공원 북한산, 그리고 진관사와 어우러진 역사 문화 마을이다. 은평한옥단지는 개인에게 한옥만을 지을 수 있게 토지를 분양해서 소유주의 취향에 따라 각 한옥마다 모양과 나무색이 달라 보는 즐거움이 있다. 상업시설을 제외한 곳은 대부분 개인의 사유지이기에 내부 관람은 불가하나 소유주의 허락이 있다면 관람이 가능하다. 또한, 산책로와 편의점, 카페 등 여러시설을 갖추고 있어 나들이를 즐기기에 적당하다.",관광지,은평구
은평역사한옥박물관,은평구 연서로50길 8,은평구 진관동 135-5,37.6403687,126.9380375,37.64039771,126.9380365,"은평역사한옥 박물관에는 실제 한옥(집)과 한옥의 건축과정 및 과학성 등이 전시된 한옥 전시실이 있다. 특히 은평 지역의 역사가 담긴 생활 양식과 문화유산을 보존하고 있는데 은평 뉴타운 개발 당시 거주했던 고대인들의 생활 양식을 엿볼 수 있는 유물이 발굴되면서 한옥 박물관 조성 후 발굴되었던 유물을 전시하고 있다. 북한산 진관사 가는길 하나고등학교 맞은편에 위치해 있다. 은평역사한옥박물관에서는 전시 콘텐츠와 연계하여, 은평의 역사와 문화 및 한옥 등 한문화에 대해 관한 교육체험프로그램을 운영한다.
유아, 청소년을 대상으로 한 재미있는 체험과 성인 대상의 전문가 강좌 등 다양한 프로그램이 있다.",문화시설,은평구
화의군 이영 묘역,은평구 연서로48길 22,은평구 진관동 144,37.6372065,126.9376757,37.6341353,126.9366261,"조선 제4대 임금 세종의 아들인 화의군 이영은 단종의 복위 운동에 가담하여 세조로부터 정치적 탄압을 받았다.
화의군 이영의 묘역에는 묘소를 비롯해 사당인 충경사, 제실, 홍살문, 신도비 등이 자리하고 있다. 또한 비교적 원형이 잘 보존된 석물(石物)의 조각 방식을 알 수 있는 자료이다.",문화유산,은평구
사비나미술관,은평구 진관1로 93,은평구 진관동 162-4,37.6300257,126.9293457,37.63018208,126.9292904,"1996년 3월 개관한 사비나미술관은 융합, 변화, 도전, 혁신, 실험정신을 창조성의 원천으로 활용하며 예술의 의미와 가치를 이끌어내고 사회 전반에 확산시키는 역할을 수행하고 있다. 시각예술과 타 분야와 융복합을 시도한 기획전으로 융합과 창의성을 중시하는 시대적 요구와 사회번화상을 제시한 모범사례로 많은 화제와 관심을 불러일으키고 있으며, 한국 현대 미술을 다양하고 깊이 있는 시각으로 보여주는 역동적인 공간이다. 전시와 교육, 출판, 소장품 수집 활동을 활발히 하고 있으며 관객과 함께 숨쉬는 살아있는 공간으로 거듭나고 있으며, 회화와 조각, 사진, 미디어 아트를 포괄하는 작가들을 육성하고, 새로운 예술적 흐름을 제시하고 있다.
또한 서울 은평구내 최초의 현대미술관으로서 융복합 전시, 예술교육프로그램, 아카데미, 문화행사 등 다양한 문화예술 활동을 통해 시민들의 예술적 소양과 심미안, 창의성을 길러주는 평생학교의 역할을 충실히 수행해 나갈 것이며, 지역주민을 위한 미술관이면서 국제적인 미술관으로 발전시켜 나갈 예정이다.",문화시설,은평구
금성당,,은평구 진관동 175-836,37.6350781,126.9254256,37.6350781,126.9254256,"금성당은 숙부 수양대군에게 왕위를 빼앗기고 위배된 어린 단종의 복위를 도모하다 억울하게 죽임을 당한 세종대왕의 여섯째 아들 금성대군의 영혼을 위로하려고 세운 당집이다.
1880년대 초반 이전에 건립한 것으로 추정되는 조선후기의 전통적 당집 양식으로서, 19세기 서울ㆍ경기지역 민간 무속신앙의 한 단면을 볼 수 있는 민속문화재이며, 무신도와 각종 무구류(巫具類) 등이 잘 보존되어 있어 그 희귀성과 건축사적 중요성도 대단히 높아 문화재적 가치가 높다.",문화유산,은평구
북한산성,은평구 대서문길 45,은평구 진관동 266-1,37.6550761,126.9496188,37.6679006,126.9988537,"서울의 북쪽에 우뚝 솟아 있어 북한산 또는 삼각산이라 불리기도 하는 산의 능선을 따라 길게 성이 쌓아져 있다. 바로 북한산성이다.
북한산은 지세가 매우 험준하여 삼국시대부터 한강 유역을 차지한 나라의 군사상 중요한 방어처로 여겨져 성을 쌓아 방어했던 곳이다. <삼국사기>에는 백제 계루왕 5년(132)에 북한산성을 쌓았다는 기록이 있으며, 고려 시대에도 여러 차례에 걸쳐 성을 쌓았다고 한다.
하지만 삼국시대나 고려의 성은 거의 남아 있지 않다. 현재의 산성은 조선 시대인 1711년(숙종37)에 쌓은 것으로, 임진왜란과 병자호란을 겪은 뒤 유사시에 대비해 한양 외곽에 성을 쌓자는 논의가 대두되면서 만들어진 산성이다. 당시 완성한 성곽의 길이는 7,620보(步), 즉 21리 60보이며, 지형에 따라 적절하게 축성 방식을 달리하여 성벽을 쌓았다. 성곽 시설로 군사 지휘소인 장대(將臺)를 세 곳에 만들었고, 성문 6개소, 암문 6개소, 수문 1개소를 두었다.
북한산이 국립공원화 되면서 북한산성을 오르는 등반 코스는 13곳에 이르며, 정상에 오르면 서울 시내와한강뿐아니라서울근교의도시까지한눈에들어오는시원한조망을만끽할수있다.",문화재,강북구
북한산둘레캠핑장,은평구 연서로 608-2,은평구 진관동 335-2,37.6478663,126.9388633,37.65021323,126.9378418,북한산 글램핑은 서울시 은평구에 있다. 서울시청을 기점으로 북한산 국립공원 쪽으로 방향을 잡고 지하철 6호선 불광역과 하나고등학교를 거치면 도착한다. 소요시간은 30분가량이다. 이곳은 북한산 둘레길 10구간에 속해 있어 자연 친화적이며 서울 최초의 글램핑 캠핑장이란 특별함이 있다. 다양한 수목이 자연 그늘을 만들어 주는 캠핑장에는 글램핑 18면을 마련했다.,레포츠,은평구
진관사,은평구 진관길 73,은평구 진관동 354,37.6383876,126.946406,37.63800648,126.9469052,"진관사는 동 불암사, 서 진관사, 남 삼막사, 북 승가사와 함께  예로부터 서울 근교의 4대 명찰로 손꼽아 왔다. 진관사(津寬寺)의 연혁은 고려 제 8대 현종(顯宗)원년 서기 1010년에 현종이 진관대사(津寬大師)를 위해서 창건 하였다고 한다. 조선을 건국한 태조 이성계의 명령에 의하여 조종선령(祖宗仙靈)과 순국충열(殉國忠烈), 희생당한 고려 왕씨의 넋을 위로하기 위해 수륙사(水陸社)를 설치하고 춘ㆍ추로 수륙대재(水陸大齋)를 장엄하게 베풀어 왔었다. 세종 때에는 집현전 학사들을 위한 독서당을 진관사에 세우고 성삼문, 신숙주, 박팽년 등과 같은 선비들을 독서하게 했다고 한다. 한국 동란 때 공비소탕의 일환으로 사찰을 잿더미로 만들고 말았다. 1963년 비구니 진관(眞觀)스님이 주지로 부임하여 30여 년간 복원 불사를 하여 지금의 가람으로 일신 중창하였다. 건물로는 대웅전, 명부전, 나한전, 칠성각, 독성각, 나가원, 홍제루, 동정각, 동별당, 요사체 등으로 이루어져 있다. 대웅전에는  본존불인 석가모니불과 협시보살로는 미륵보살과 제화갈화보살을 모셨으며, 명부전은 지장보살과 도명존자, 무독귀왕 십대 대왕을 모셨으며, 나한전은 석가모니불과 미륵보살, 제화갈라보살, 십륙나한상을 보셨다. 북한산 국립공원으로 지정된 만큼 아름다운 자연환경과 문화역사를 자랑하는 진관사는 현대를 살아가는 서울 시민들에게 마음의 평안과  일상에 찌든 때를  말끔히 씻어주는 청량제 역할을 하면서 오늘도 부처님의 자비를 세상에 전하고 있다.<br> 진관사(津寬寺)는 삼각산(三角山)의 서쪽 기슭에 위치하여 고려 때부터 동쪽의 불암사, 남쪽의 삼막사, 북쪽의 승가사와 함께 서울 근교의 4대 명찰로 손꼽힌 이름난 사찰이다.
진관사는 천년을 거슬러 올라가 고려 제8대 현종이 1011년에 진관대사(津寬大師)를 위해 중창한 사찰로서 국가의 안녕과 번영을 기원하는 국찰이었다.
진관동 지명도 진관사에서 유래하였다.
조선을 건국한 태조는 1397년에 국가적인 수륙사(水陸社)를 설치하여 전쟁에서 죽어간 고려왕실의 영혼을 기리는 국행수륙재를 거행하였다.
1442년 세종대에는 진관사에 독서당을 세워 성삼문, 박팽년, 신숙주 등 집현전 학사에게 사가독서를 하게 하였는데, 학자들과 교류가 빈번해 지면서 왕족, 사대부, 서민들도 찾았던 대중적인 사찰이었다.
2009년 5월 26일 진관사 칠성각 해체 보수 공사 중에 진관사 태극기와 독립신문 등 20여점의 3·1운동 사료가 발견되어 백초월스님의 항일 독립운동 활동에 진관사는 불교 독립운동사에 중심이었다.
2008년 부터 개인, 가족, 단체를 대상으로 템플스테이를 실시하고 있으며, 2019년 3월 계호스님은 555년전(1463년) 진관사 사찰음식을 시연하여 사찰음식의 우수성을 국내·외에 알리었다.",관광지,은평구
진관사계곡,은평구 진관길 73,은평구 진관동 354,37.6383876,126.946406,37.63792871,126.9465497,"은평구 진관내동 북한산성 입구에 위치해 산림 생태계와 조화를 이루고 있으며 도롱뇽, 산개구리 등 서울시 보호종이 관찰되는 곳이다. 2011년 국립공원관리공단 북한산국립공원사무소는 수환경 및 수서생태계 보호를 목적으로 은평구 진관동에 위치한 진관사 계곡(약0.5㎞, 3500㎡)을 북한산국립공원 특별보호구로 지정했다. 때문에 츨입이 제한되어 진관사 무료주차장 아래 마실길 근린공원 근처의 구역에서만 물놀이를 즐길 수 있다.<br>",관광지,은평구
금암기적비,은평구 진관3로 15-59,은평구 진관동 45-5,37.6442514,126.9182216,37.6440213,126.9176992,"금암기적비는 조선왕조 제22대 임금 정조가 명릉을 참배하고 돌아오는 길에 할아버지인 영조의 옛일을 회상하면서 친히 글을 짓고 세운 것이다. 비문은 “영조가 부왕인 숙종의 탄신일을 맞아 명릉을 참배하고 돌아오는 길에 금암 덕수천에 이르러 밤이 깊고 불도 없어 참사에서 머루르게 되었다. 그 때 이곳의 참장(站將)이 소도둑을 잡았다가 흉년으로 인한 도둑의 딱한 이야기를 듣고 그를 타일러 보낸 일을 목격하고 왕위에 오른 뒤에도 이를 거울 삼아 훌륭한 정치를 행하였다는 내용이다. 당시 금암은 의주(義州)로 가는 역참(驛站)으로 사용하였던 곳이며, 현재 참사(站舍)는 없고 비만 남아 있다.",문화유산,은평구
용암사,은평구 대서문길 126,은평구 진관동 산 25,37.6520349,126.9528245,37.6494398,126.9372986,"<북한지 >에 의하면 용암사는 북한산성이 축성된 후 의상봉 아래 세워줬으며, 그 규모가 87칸이라고 하지만 현재는 북한산장 옆에 그 터와 탑재가 전해진다. 사찰이 <북한지>에 실려있다는 것은 북한산성을 운영, 관리하는 승영사찰이었음을 의미한다.
현재 용암사는 노적사에 머물던 정천(丁天)스님이 서원(誓願)하여 1969년 지금의 위치에 탄허대종사를 모시고 대웅전을 상량하였다. 용암사 주위에는 용바위와 거북바위가 있고, 대웅전 뒤로는 북한산의 백운대와 의상봉이 자리하고 있다.",사찰,은평구
삼천사,은평구 연서로54길 127,은평구 진관동 산 25-2,37.642433,126.9459794,37.64235607,126.9525129,"통일신라시대 원효대사에 의해 창건되었고, 그 규모가 대단히 커서 한때 3000여 대중이 모여 수도 정진하였다고 한다. 임진왜란 때는 서울 지역 승병들의 운집처로 왜병과 혈전을 벌였던 곳이다. 임진왜란 때 소실되었던 것을 진영화상이 중창하고 성운화상에 의해 거듭 중창 복원하였다.경내에 있는 천년고불 마애석불은 고려시대 조성된 것으로 보물로 지정되어 있으며, 세존진신사리 석종탑과 나한사 5층 석탑이 봉안되어 있어 법신제불이 상주방광하는 성지이며, 기도 도량으로 널리 알려져 있다. 삼천사 마애여래입상은 양감을 뚜렷하게 표현하지는 않았지만, 원만한 얼굴 표정과 부드럽게 흘러내린 유려한 옷고름 등에서 고려불화를 연상케 하는 독특한 매력을 보여 주는 고려의 마애불이다.
현재 융기선을 따라 금분칠을 하여 본래의 모습과 다소 달라졌지만 아직도 사람들의 시선을 끌고 있으며 좌우에 네모난 목조가구의 흔적이 남아있다. 민머리 위에 높은 살상투가 솟아 있고, 풍만하고 둥근 얼굴에는 입가에 미소가 번져 온화한 느낌을 준다. 가슴에는 내의를 묶는 띠매듭이 리본형으로 표현되어 있는데 이러한 띠매듭은 통일신라 후기 상에 많이 보이는 형태이다. 양쪽으로 벌어진 연꽃대좌는 불안정라며 광배는 두 줄의 두광과 한 줄의 신광으로 간략화 되어 있다. 신체의 비례가 자연스럽고 조각수법도  섬세한 편이며 선묘도 유려하여 고려를 대표할 만한 뛰어난 마애불로 알려져 있다. 삼천사는 661년(신라 문무왕 1) 원효(元曉) 대사가 창건하였다.
1481년(조선 성종 12)에 편찬된 《신증동국여지승람》과 《북한지(北漢誌)》에 따르면 3,000여 명이 수도할 정도로 번창했다고 하며, 사찰 이름도 이 숫자에서 유래한 것으로 추측된다고 하지만 최근의 고고학적 조사를 거쳐면서 ‘三千’이 아니라 ‘三川’이라고 새겨진 기와가 발견되어 삼천사는 두 가지 의미로 사용되었다는 것을 알 수 있다.
삼천사는 임진왜란 당시 승병의 집결지로서 사용되기도 하였다고 전해지는 등 병화(兵禍)를 피하지 못하였으나 뒷날 이 절의 암자가 있던 마애여래 길상터에 진영대사가 다시 복원하였다.
1970년대 성운 스님이 주석하며 경내에 있는 천년고불 마애여래입상(보물 제657호)을 보물로 지정받으면서 순차적으로 대웅보전, 산령각, 천태각, 연수원, 요사채 등 건물과 새존진신사리탑, 지장보살입상, 종형사리탑, 관음보살상, 5층석탑, 중창비 등을 조성하여 현재의 모습을 갖추게 되었다.
1999년부터 2003년까지, 다시 2005년부터 2007년까지 두차례의 걸쳐 원래의 절터를 대상으로 지표조사 및 발굴조사를 전개해 그 동안 알려지지 않은 많은 사실들을 찾아내는 성과를 얻었다.",관광지,은평구
이준 열사 묘소,강북구 4.19로12길 60-93,,37.6396099,127.0256575,37.6396099,127.0256575,"일제에 의해 강압적으로 ‘을사늑약’이 맺어진 뒤, 고종에 의해 헤이그 밀사로 특파되어 일제 침략의 부당함을 해외 만방에 알리려다 만리 이역 땅에서 순국한 우국 열사이다. 일제의 침략으로부터 나라를 구해 내려는 일념으로 분투하였으나, 끝내 이루지 못하고 순국 후 55년만인 1963년에 헤이그에서 모셔와 안장되었다.",문화재,강북구
솔밭근린공원,강북구 삼양로 561,,37.6529618,127.0122387,37.6529618,127.0122387,"북한산 동쪽 우이동에 100년이나 된 1천여 그루의 소나무가 울창하게 들어선 솔밭공원이 있다. 특이하게도 산이나 언덕이 아닌 도시의 평지에 만들어진 소나무 숲으로 총 면적이 3만4,955m²나 된다. 사람이 계획하여 꾸미거나 가꾼 것도 아닌 자연 그대로의 숲이다.
1997년 서울시와 강북구가 땅을 매입하여 2004년에 솔밭근린공원으로 개장하여, 공원 안에는 실개울, 생태연못, 산책로 등 조경시설이 꾸며져 있으며, 배드민턴장, 건강지압보도 등 운동시설과 장기,바둑 쉼터, 어린이 놀이터 등 휴식시설을 갖추었다. 서울 도심의 유일한 소나무 숲이며, 북한산을 찾는 등반객들이 모여서 산행을 시작하는 곳으로도 활용되고 있다.",관광지,강북구
빨래골,강북구 인수봉로23길 60,,37.627587,127.0097628,37.62769492,127.009822,"서울시 강북구 수유동 일대의 마을로 삼각산 동쪽 골짜기에 물이 많고 맑아서 빨래터와 쉼터로 이용하던 것에서 유래된 이름이다.
이곳은 북한산이 시내 쪽으로 쭉 뻗쳐 내려온 칼바위능선 골짜기에 해당하는 곳이다. 골짜기 안쪽에 삼성암이라는 암자가 있고 왼편 산자락에는 아주 특이한 모습의 묘비가 세워져 있는 공초 임상순 선생의 무덤이 자리 잡고 있다.
2016년부터 '옛터 빨래골축제'가 개최되는 등 지금도 통용되고 있는 지명이다. 
지하철 4호선 수유역 3번 출구 앞에서 03번 버스 타고 빨래골 종점에서 내려 안쪽으로 200여 미터 거리에 있다.",관광지,강북구
명월동문 바위글씨,도봉구 방학로 278-33,,37.6637956,127.0204361,37.663797,127.020434,바위글씨는 자연바위면을 직사각형(110x30cm)으로 정면한 후 우에서 좌로 ‘명월동문(明月洞門)’을 새겨 놓았다. 해서체로 쓰여진 바위글씨는 ‘명월동이라는 계곡으로 들어가는 입구’라는 뜻이나 현재 쓴 사람과 새긴 시기는 확실치 않다. 도봉구에서 우이동으로 넘어가는 도로가 나있는 곳은 예전에는 계곡이었다. 예전 계곡에는 서에서 동으로 흐르는 계류가 일정한 흐름을 유지했을 것으로 추정된다. 이 계곡에서 보는 달빛이 좋았을 것이다. 그래서 ‘밝은 달빛이 비추는 계곡 입구’란 ‘명월동문’을 새겼던 것으로 추정한다.,문화재,도봉구
이집묘,도봉구 방학로 278-33,,37.6637956,127.0204361,37.663793,127.020435,"덕수이씨(德水李氏) 종파의 묘역에는 세대별로 필(泌)-안눌(安訥)-합(柙)-광하(光夏)-집(㙫)-주진(周鎭)-은(溵)-학빈(學彬)의 묘가 있으며 예조판서를 지낸 안눌의 묘는 당진에 있고 한성판윤을 지낸 광하의 묘는 연천에 있다.

이집의 생몰년은 1664년(현종 5)∼1733년(영조 9)이다. 자는 노천(老泉), 호는 취촌(醉村)이고, 아버지는 한성부판윤 광하(光夏)이며, 어머니는 영의정 심지원의 딸이다. 1684년(숙종 10) 사마시, 1697년 정시문과에 병과로 급제하였고, 1707년 다시 문과중시에 병과로 급제, 1710년 승지를 거쳐 대사간이 되었다. 영조대에 예조·이조판서 등을 거쳐, 1729년(영조 5) 우의정이 되었고 다음해에 좌의정에 올랐다. 시호는 충헌(忠憲)이다. 묘는 단분합장이고, 봉분에는 호석을 둘렀다. 그리고 사성 양 끝단을 장방형의 석재로 마무리하였고, 봉분 뒤 사성 아래에도 3단의 장방형의 석재로 받쳐 조성했다. 좌향은 남동향이며, 묘표·혼유석·상석·향로석·망주석·문인석 등을 갖췄다.묘표는 팔작지붕 옥개형, 4면비이다. 비신 전면에 『朝鮮國左議政德水李公㙫之墓』『貞敬夫人安東金氏祔左』라 새겼다. 입석연대는 『皇明崇禎紀元後再甲寅四月日立』(1734년, 영조 10)이며, 규모는 옥개석 108×68 ×32㎝, 비신 64×24×148㎝, 비좌 106×72×46㎝이다. 문인석은 소형으로 裳 위와 後綬에 각각 화문을 장식했다. 한편, 이집의 元配인 豊山洪氏의 묘는 묘역의 맞은편 구릉 묘역에 자리하고 있다.",문화재,도봉구
양주목사 선정비,도봉구 방학로3길 117,,37.6580211,127.0387508,37.658013,127.038756,"조선시대 양주지역(도봉구, 노원구, 강북구, 양주시 등)에서 선정을 베풀었던 지방관의 공적을 기리기 위해 백성들이 세운 비이다. 쌍문동에 위치하고 있는 선정비 4기는 조선 영조 때부터 고종 때까지 건립되었는데, 이중 1903년(고종 40)에 세워진 홍태윤의 비는 목사가 아닌 군수로 표시되어 있어 20세기 전후하여 양주가 행정적으로 재편되었음을 알 수 있는 자료가 된다. 그 옛날 양주지역의 일부였던 도봉구에 그 당시 세운 지방관의 선정비가 있다는 점에서 의미가 있어 도봉구 향토문화재로 지정되었다.
 ",문화재,도봉구
산새마을,은평구 가좌로11나길,,37.5962326,126.9056742,37.5962326,126.9056742,"산새마을은 마을에 인접한 봉산의 새소리를 들을 수 있을 만큼 자연 친화적인 마을이라는 이미지에서 유래하였다.
2012년 ""산새마을 학교""를 운영하면서 주민 제안으로 선정하였으며, 현재는 도시재생의 선진 모델로써 ""산새마을""이 지명화되었다.
두꺼비 하우징 시범사업을 시작으로 마을공동체가 형성되어 산새마을 경관사업을 거쳐 주민참여형 재생사업(주거환경 관리사업)으로 구역이 확정되었으며, 현재는 마을회관을 거점으로 산새마을 주민공동체 운영회가 활발히 활동하고 있다.",서울미래유산,은평구
오동근린공원,,강북구 번동 산 20-1,37.630808,127.031732,37.6308076,127.0317318,"오동근린공원은 강북구의 번동과 미아동 외 5개 동과 성북구 월곡동에 걸쳐 있는 대단위 공원으로, 오패산(123m)와 벽오산(135m)의 두 봉우리가 있어 언덕을 이루며 푸른 숲이 잘 보존된 자연 생태 공간이기도 하다.
140만 평이 넘는 공원 안에는 쉼터와 구민체육관, 배드민턴장, 황토지압보도, 산책로 등이 곳곳에 갖추어져 있으며, 최근에는 유아와 어린이들이 집 가까이에서 늘 숲과 자연을 체험 할 수 있도록 유아 숲 체험장도 조성해 놓았다. 또한 봄,가을 다양한 꽃들이 조성되어 있어 아름다움을 배가 시키고 있다.
숲 체험장 길을 따라가다 보면 참나무, 소나무, 진달래, 감국 등 다양한 식물들이 자생하고 있으며, 군데군데 호랑이, 여우, 멧돼지, 사슴 등의 동물 모형이 세워져 있고, 모래 체험장, 개미놀이동산, 로프 오르기, 버섯놀이집 등 체험놀이시설이 있어 아이들에게는 자연학습장이자 숲 속 놀이터가 되고 있다. 서울 강북구와 성북구에 걸쳐 있으며 강북 번동, 미아동외 5개 동과 성북구 월곡동에 걸쳐 있는 대단위 공원으로 수림이 잘 형성되어 있다. 오동공원은 쉼터와 구민체육관, 인조잔디구장, 테니스장, 황토지압 보도, 산책로 등을 두루 갖추고 구민의 쉼터로 자리 잡아 인근 주택단지에 주거하고 있는 주민들의 휴식과 운동장소로 이용되고 있다.<br>",관광지,강북구
