명칭,도로명,지번,Latitude,Longitude,유형,지역,대본,태그,태그only
우이동계곡,강북구 삼양로159길 60-7,강북구 우이동 산 40-1,37.6585502,127.0094695,관광지,강북구,"''우이동''은 도봉산과 북한산 사이의 계곡에 위치한 시민의 휴식처입니다. 우이동 입구에서 왼쪽으로는 백운대로 오르는 등산로가 있고, 도선사를 경유하여 인수봉 정상을 오를 수 있습니다. 계곡의 맑은 물을 따라 각종 별미를 자랑하는 음식점들이 줄을 이어 여름철엔 닭죽도 진리라고 해요. 민박도 가능하며, 3월, 4월에는 대학생들의 MT 장소로 선호됩니다.

20분 정도 오르면 원불교 수도원, 성불사, 용덕사, 선운사, 광명사 등의 사찰을 찾을 수 있습니다. 입구에서의 분위기와는 달리 조용하고 차분한 분위기에서 또 다른 운치를 느낄 수 있어요. 산 정상에는 현재 군부대가 상주하고 있으며, 생태계가 서울에서도 드물게 잘 보존되는 우이령, 일명 바위고개로 이어져 있습니다.

우이동에서는 우이암으로 이어지는 등산로가 열려 있습니다. 우이암까지 가는 길은 꽤 험하니 주의해 주세요. 우이암 옆을 지나 도봉산 주릉으로 올라가거나, 성황당, 도봉유원지로 하산하시면 됩니다.
","[('우이', 7), ('산', 7), ('우이동', 3), ('도봉', 3), ('분위기', 2), ('등산로', 2), ('입구', 2), ('정상', 2), ('계곡', 2), ('도봉산', 2)]","['우이', '산', '우이동', '도봉', '분위기', '등산로', '입구', '정상', '계곡', '도봉산']"
상상톡톡 미술관,강북구 월계로 173,강북구 번동 90,37.6198726,127.0436442,문화시설,강북구,"<상상 톡톡 미술관>은 서울 강북구 번동 ''꿈의 숲 아트센터''내에 있는 어린이 전용 미술관이에요! 미술관은 숲 속에 자리하고 있어, 어린이들이 미술과 함께 자연을 직접 체험하며 상상력과 창의력을 키울 수 있답니다. 지상 2층으로 구성되어 있고, 동물ㆍ식물 캐릭터와 숲을 형상화한 계단, 파이프를 이용해 만든 난간 등 아이들이 좋아할 만한 독특한 인테리어로 꾸며져 있답니다. 특히, 미술관 2층 테라스에서는 단비가 내려, 어린이들이 노란 우비와 우산을 쓰며 비를 맞는 색다른 체험을 할 수 있어요. 여기 놀러오면 눈으로만 보는 전시물이 아니라, 직접 체험하고 느낄 수 있는 전시물을 만나볼 수 있답니다. 더불어, 가족 관람객을 위해 휴게실과 수유실이 준비되어 있어요. 그리고, 어린이들이 안전하게 놀 수 있는 모든 공간은 친환경 소재를 사용해서 만들어졌답니다. 어린이를 위한 미술전시와 체험교육뿐만 아니라, ''꿈의숲 아트센터''와 연계하여 음악, 연극 등 다양한 문화예술 관련 볼거리도 제공할 예정이에요!","[('미술', 6), ('어린이', 5), ('숲', 4), ('체험', 4), ('미술관', 4), ('전시', 3), ('직접', 2), ('상상', 2), ('아트', 2), ('센터', 2)]","['미술', '어린이', '숲', '체험', '미술관', '전시', '직접', '상상', '아트', '센터']"
김창숙 묘소,,강북구 수유동 산127-4,37.6453436,127.0000438,문화재,강북구,"1905년 을사늑약이 체결되면서, 유사오적의 목을 베라고 상소했고, 1907년 국채보상운동에 앞장서 활약했습니다. 1909년 친일단체인 일진회가 한일합병론을 제기하자, ""이 역적들을 성토하지 않는 자 또한 역적이다""라고 토로하면서 매국노를 규탄하는 성토문을 작성하여 민족적 각성을 촉구하기도 했습니다. 3.1 독립운동 이후 활발한 독립운동을 했으며, 해방 후 성균관 대학을 재건하여 후진을 양성했습니다. 1962년에 별세하였으며, 같은 해 건국훈장 대한민국장이 수여되었습니다.","[('운동', 3), ('역적', 2), ('독립운동', 2)]","['운동', '역적', '독립운동']"
우이동 청자 가마터,,강북구 우이동 산 21-1,37.6644765,127.0057581,문화재,강북구,"2011년 수유동에 이어 2012년에는 우이동의 북한산 일대에서 청자 가마터가 발굴되었습니다. 우이동 청자 가마터는 수유동 분청사기 가마터와 마찬가지로 조선 초기 한양에서 생산된 도자기를 제작한 가마터로, 도자기 양식사적으로 상감청자에서 분청사기로 변화하는 도자기 생산의 변화 양상을 보여줍니다. 가마의 구조는 요전부, 아궁이, 소성실, 연도부로 이루어진 계단이 없는 단실요입니다. 가마의 크기는 전체 길이 21.1m, 폭 1.4~2.0m, 경사도는 14도 가량입니다. 아궁이 앞에 불을 지피기 위한 요전부의 크기는 길이 90cm, 최대 폭 140cm이며, 아궁이는 최대 폭 140cm, 길이 130cm, 깊이 100cm로 입구로 갈수록 좁아지는 형태입니다. 가마터는 보존을 위해 흙을 덮어 둔 상태입니다.","[('가마', 7), ('아궁이', 3), ('길이', 3), ('청자', 3), ('산', 3), ('도자기', 3), ('최대', 2), ('크기', 2), ('변화', 2), ('생산', 2)]","['가마', '아궁이', '길이', '청자', '산', '도자기', '최대', '크기', '변화', '생산']"
국립 4.19 민주묘지,강북구 4.19로8길 17,강북구 수유동 580-1,37.6490326,127.0077454,문화시설,강북구,"광복 이후 우리나라는 좌우대립의 혼란 속에 6·25 전쟁을 맞았습니다. 북한의 남침으로 수많은 사람들이 죽음을 맞이하며 전쟁이 가까스로 끝났습니다. 하지만, 다시 일어서려는 사람들의 노력으로 재건의 발걸음이 힘차게 내딛혔습니다. 그러나, 사람들이 기대했던 것과 달리 부패한 자유당 정부는 3·15 부정선거를 벌여 대한민국을 혼란스럽게 만들었습니다. 이에 분노한 학생들은 재선거와 정권 교체를 외치며 일어났습니다. 민주 시민들이 가담하여 전국적인 민주주의 운동이 일어나 정부의 무참한 탄압에도 불구하고 결국 12년간에 걸친 독재정권을 무너뜨리는 데에 성공했습니다. 이것이 이른바 4·19혁명으로 우리 국민의 민주주의에 대한 열망을 그대로 드러내 준 일대 사건이었습니다. 이때 186명에 이르는 많은 사람들이 목숨을 잃었으며, 이곳에 그들의 영혼이 안장되어 있습니다.","[('민주', 3), ('민주주의', 2), ('혼란', 2), ('대한', 2), ('전쟁', 2), ('정부', 2), ('정권', 2)]","['민주', '민주주의', '혼란', '대한', '전쟁', '정부', '정권']"
근현대사기념관,강북구 4.19로 114,강북구 수유동 산 73-23,37.6431683,127.0023528,문화시설,강북구,"대한민국은 대한민국임시정부의 법통을 이어받아, 여러 사상에서 유래한 정신을 갖고 있습니다. 이 중에서도 독립정신과 민주공화정신이 가장 중요한 가치입니다. 이러한 가치를 담은 ''헌법전문''은 대한민국의 상징이며 목표입니다. 강북구 근현대사기념관은 이러한 가치를 전달하기 위해, 강북구의 역사적 현장과 민주주의의 성지인 사월혁명 투사들의 묘역이 위치한 곳입니다.

근현대사 기념관은 전시실, 강의실, 기획전시실 및 열람실 등이 있으며, 동학혁명에서 시작하여 3·1독립운동 등 일제강점기의 항일 독립운동, 4·19민주혁명에 이르는 일련의 근현대사 역사 유적, 자료, 유물 등이 있습니다. 강북구에서는 북한산 역사문화관광벨트 사업 중 최우선 역점 사업으로 추진되었으며, 다양한 명소와 함께 1박 2일의 관광 코스로 주목받을 것입니다.
","[('근현대사', 3), ('역사', 3), ('민주', 3), ('강북구', 3), ('대한민국', 3), ('정신', 3), ('혁명', 3), ('가치', 3), ('독립', 3), ('전시', 2)]","['근현대사', '역사', '민주', '강북구', '대한민국', '정신', '혁명', '가치', '독립', '전시']"
북서울 꿈의숲,강북구 월계로 173,강북구 번동 산28-6,37.6214312,127.0406246,관광지,강북구,"북서울 꿈의 숲은 서울에서 4번째로 큰 공원입니다! 공원을 둘러싸는 길에는 벚꽃길을, 북쪽 아파트 지역과 인접한 곳에는 단풍숲이 있어요. 창녕위궁재사는 공원 동남쪽에 있으며, 주변에 연못과 정자(애련정) 등이 있답니다. 문화센터에는 300석 규모의 공연장 2개, 다목적홀, 전망대 등이 있어요. 전망대에서는 북쪽으로 북한산, 도봉산, 수락산의 절경을 감상하실 수 있어요! 공원시설로는 호수, 대형잔디광장, 월광폭포, 정자(애련정), 산책로, 칠폭지, 야생초화원, 포켓파크와 미술관, 문화센터, 카페테리아, 지하주차장 등이 있어요. 이곳은 강북 지역에 최초로 조성된 대형 녹지공원으로, 기존 노후된 시설물을 모두 비우고, 지형에 맞는 생태적 조경공간으로 바꾸어졌어요. 대형 녹지공원으로 거듭난 이곳에는 공연장과 전시장, 레스토랑, 전망타워 등이 있답니다. 또한, 공원 경계부에는 포켓파크, 쌈지마당, 가로공원, 산책로, 체력단련장 등 다양한 형태의 공간으로 조성되어 주민들이 최대한 생활 공원으로 이용할 수 있도록 구성되어 있어요!","[('공원', 9), ('산', 5), ('대형', 3), ('시설', 2), ('북쪽', 2), ('공간', 2), ('파크', 2), ('서울', 2), ('녹지', 2), ('숲', 2)]","['공원', '산', '대형', '시설', '북쪽', '공간', '파크', '서울', '녹지', '숲']"
박을복자수박물관,강북구 삼양로149가길 53,강북구 우이동 86-4,37.6537404,127.0087107,문화시설,강북구,"북한산 백운대 자락에 위치한 박을복 자수 박물관은 2002년 5월 25일에 개관했어요. 이 박물관은 전통 자수와 근·현대 회화의 흐름을 결합해 한국 현대 자수 발전에 기여한 박을복 선생님의 업적을 기리면서, 각종 문화예술에 기여하기 위해 설립되었답니다. 선생님의 작품 40여점을 전시해, 그동안 관람이 어려웠던 감상 자수를 일반인에게 선보여 문화 향유의 기회를 제공하고 있어요. 또한 한국 근·현대 자수의 역사를 재정리하고 다양한 프로그램을 통해 대중을 위한 전통문화교육의 장과 문화예술 체험 공간으로 역할하기를 기대하고 있어요.

건물은 1967년 건축가인 정인국이 설계한 주택으로, 건축가인 정명원의 리모델링 작업을 통해 박물관으로 개조되었어요.
","[('자수', 5), ('문화', 4), ('현대', 3), ('박물관', 3), ('한국', 2), ('선생님', 2), ('기여', 2), ('전통', 2), ('건축가', 2), ('통해', 2)]","['자수', '문화', '현대', '박물관', '한국', '선생님', '기여', '전통', '건축가', '통해']"
수유동 분청사기 가마터,,강북구 수유동 산 127-1,37.6275044,127.0088225,문화재,강북구,"북한산 일대에서 조선 시대의 가마터가 발견되었습니다. 수유동 가마터는 특히 학계의 관심을 끌었는데, 이곳에서는 조선 초기 한양에서 소비된 도자기를 만들어 냈던 것으로, 도자 양식사적으로 상감청자에서 분청사기로 넘어가는 도자 생산의 변화 양상을 밝혀줄 것으로 기대되고 있습니다. 이 가마터에서 출토된 자기 조각들로 보아, 한성부에서 쓰인 자기들이 이곳에서 제작되었다는 것을 알 수 있게 되었습니다.

북한산 일대에는 많은 가마터가 있었는데, 고려말 왜구가 쳐들어와 전남 강진에 있던 가마들이 초토화되자, 일부 도공들이 올라와 북한산에 자리 잡은 것으로 짐작됩니다. 수유동 가마의 구조는 아궁이, 소성실, 계단이 없는 단실요의 형태이며, 그 규모는 전체 길이 19.8m, 폭 1.4~1.6m입니다.

2014년 문화재로 지정되기 전, 2011년 학술 발굴조사가 이루어졌습니다. 이 가마터는 조선 시대에 서울 지역의 도자기 수요를 충족시켰을 가능성이 있으며, 조선 시대 경제사를 알아보는 데 중요한 단서가 됩니다.","[('가마', 7), ('조선', 4), ('산', 4), ('북한', 3), ('시대', 3), ('일대', 2), ('도자기', 2), ('수유동', 2)]","['가마', '조선', '산', '북한', '시대', '일대', '도자기', '수유동']"
북한산국립공원 수유분소,강북구 4.19로28길 4,강북구 수유동 산 73-1,37.6431683,127.0023528,관광지,강북구,"북한산국립공원은 1983년 우리나라 15번째 국립공원으로 지정된, 자연과 역사가 공존하는 도심 속의 보석입니다. 면적은 76.922㎢로 우이령을 경계로 하여 북쪽으로는 도봉산 지역, 남쪽으로는 북한산 지역으로 나뉩니다. 북한산국립공원은 화강암 지반이 침식되고 오랜 세월 풍화되면서 곳곳에 깎아지른 바위봉우리와 그 사이로 흘러내리는 아름다운 계곡들을 이루고 있습니다. 또한, 역사와 문화가 공존하는 북한산성을 비롯하여, 수많은 역사, 문화유적과 100여 개의 사찰, 암자가 위치하여 다양한 볼거리를 제공함과 동시에 역사 문화 학습의 장이 되고 있습니다. 북한산국립공원에는 백운봉을 비롯한 많은 봉우리와 북한산둘레길, 순국선열묘역, 전통사찰 등 많은 사찰과 유적지가 있어 시민들이 좋아하는 휴식처입니다.","[('산', 7), ('북한', 6), ('역사', 4), ('국립공원', 4), ('사찰', 3), ('문화', 3), ('지역', 2), ('유적', 2), ('비롯', 2), ('봉우리', 2)]","['산', '북한', '역사', '국립공원', '사찰', '문화', '지역', '유적', '비롯', '봉우리']"
윤극영가옥,강북구 인수봉로84길 5,강북구 수유동 566-26,37.6464332,127.0108656,관광지,강북구,"서울특별시에서는 근현대 문화유산 중 미래 세대에게 전달할 가치가 있는 보물을 ''서울 미래유산''으로 선정하여 관리하고 있습니다. 국립 4·19민주묘지, 문익환 가옥 등이 여기에 포함되어 있습니다. 그 가운데 윤극영 가옥은 1920~30년대에 활발하게 활동했던 윤극영이 머물었던 곳으로, 동요 <반달>, <설날>, <우산 셋이 나란히>, <고드름> 등을 작곡한 곳입니다. 윤극영은 우리나라 최초의 동요집인 <반달>을 제작하여 ''반달 할아버지''로도 불리기도 했습니다. 윤극영의 생전 가옥은 반달 문화원으로 사용되며 방문객들을 반갑게 맞이합니다. 윤극영의 유품들이 전시된 공간은 할아버지댁에 온 것처럼 마음이 편안해집니다. 국립 4.19 민주 묘지와 솔밭근린공원도 가까이에 위치하고 있습니다. 윤극영 선생이 사는 집은 조용한 주택가에 위치하고 있습니다. 윤극영 선생은 <반달>을 비롯하여 1백여 편이 넘는 동요의 노랫말을 썼으며 일제 강점기인 1923년에는 어린이를 위한 활동을 활발하게 펼친 어린이문화운동단체인 ''색동회''를 만들어 활동을 벌였습니다. 이러한 공로로 1956년에는 제1회 소파상, 1970년에는 대한민국 국민훈장 목련상을 받기도 했습니다. 윤극영 선생이 살던 집은 서울시가 매입하여 서울시 미래유산으로 보전하고, 기념관으로 만들어 2014년 10월에 문을 열었습니다.","[('윤극영', 8), ('반달', 5), ('서울', 4), ('미래', 3), ('문화', 3), ('유산', 3), ('동요', 3), ('활동', 3), ('가옥', 3), ('선생', 3)]","['윤극영', '반달', '서울', '미래', '문화', '유산', '동요', '활동', '가옥', '선생']"
성신여대 박물관,강북구 도봉로76가길 55,강북구 미아동 147,37.6317775,127.0273891,문화시설,강북구,"성신여대 제2캠퍼스인 운정그린캠퍼스에는 2011년 11월 23일 문을 연 정원 박광훈 복식박물관과 자연사박물관이 있어요! 정원 박광훈 복식박물관은 서울시 무형문화재 제11호인 침선장 정원 박광훈 선생이 기증한 600여점의 복식을 포함하여 2천여 점이 넘는 직물류, 장신구류 등이 전시되어 있는 전문박물관이에요. 우리나라 출생 복식에서부터 평상복, 혼례복식과 궁중의례복식, 그리고 임종시의 수의에 이르기까지 다양한 복식과 장신구 등이 전시되어 있답니다.

같은 건물의 지하에 있는 자연사박물관은 1970년대부터 약 40여 년간 축적해 온 방대한 연구 자원을 토대로 13만5천여점에 달하는 표본을 암석, 식물, 곤충 등 4가지 테마로 나누어 우리 주변의 자연을 느끼고 배울 수 있도록 전시하고 있어요!
","[('복식', 7), ('박물관', 5), ('자연', 3), ('정원', 3), ('전시', 3), ('박광훈', 3), ('캠퍼스', 2), ('장신구', 2), ('자연사', 2)]","['복식', '박물관', '자연', '정원', '전시', '박광훈', '캠퍼스', '장신구', '자연사']"
손병희 묘소,,강북구 우이동 산 28-1,37.6587198,127.0046834,문화재,강북구,"손병희 선생님은 조선 말 동학에서 발전한 천도교의 제3세교조이자 3.1독립운동을 주도하고 성사시킨 혁명가, 사상가, 민족의 지도자입니다. 선생님은 제2세 교조인 최시형 밑에서 동학의 지도자로 성장한 뒤 보성학교(현 고려대학교)와 동덕여학교(현 동덕여자대학교)를 비롯한 수십 개의 학교를 운영하는 등 교육 사업에도 열정을 쏟았으며, 독립선언식을 기획하고 각 종교계의 인사들을 규합해 나갔습니다. 마침내 1919년 3월 1일, 29명의 민족대표가 태화관에 모여 역사적인 독립선언식을 거행하였습니다. 그러나 선생님은 3.1운동 주도자로 체포되어 옥고를 치르다가 1920년 10월 병보석으로 출옥한 뒤 여운을 남겨 1922년 5월 병사하셨습니다. 그리고 이곳 언덕에 안장되었습니다. 문화재청은 2012년 선생님의 묘역을 등록문화재로 지정하였습니다.","[('학교', 5), ('선생님', 4), ('문화', 2), ('민족', 2), ('운동', 2), ('자로', 2), ('독립선언', 2), ('주도', 2), ('교조', 2), ('동학', 2)]","['학교', '선생님', '문화', '민족', '운동', '자로', '독립선언', '주도', '교조', '동학']"
신익희 묘소,강북구 4.19로32길 15-6,강북구 수유동 산 74-4,37.6404885,126.9996828,문화재,강북구,"신익희 선생님은 1918년 미국 대통령 윌슨의 민족자결주의 발표 이후 독립운동에 뛰어들었습니다. 만주, 북경, 상해 등지를 여행하며 해외독립운동가들과 연락을 맡아보았으며 국내에서는 민족 지도자들과 독립운동의 방법을 토의하여 3.1운동의 도화선을 당기는데 주요한 역할을 담당하였습니다. 광복 이후에는 귀국하여 초대 국회부의장에 선출되어 활동하면서 대한민국 건국에 크게 공헌하셨습니다. 1962년 건국훈장 대한민국장을 받으셨습니다.","[('운동', 4), ('독립운동', 3), ('민족', 2), ('대한민국', 2), ('이후', 2), ('건국', 2)]","['운동', '독립운동', '민족', '대한민국', '이후', '건국']"
강북문화원,강북구 삼각산로 85,강북구 수유동 360-10,37.6407291,127.013272,문화시설,강북구,"안녕하세요! 강북문화원은 강북구 지역의 역사와 문화를 소개하고 있습니다. 여러분께 추천하는 대표적인 프로그램으로는 소귀골음악회가 있습니다. 이 프로그램은 4.19 민주화 혁명 희생영령들을 추모하며, 지역구민들에게 민족정체성을 강화하고 건전한 시민문화를 육성하는 목적을 가지고 있습니다. 또한, 전통음악(경기민요 등), 현대가요, 합창단의 합창 그리고 오케스트라, 클래식 음악 등 다양한 프로그램을 제공하고 있으며, 문화강좌도 개설하고 있습니다. 이를 통해 주민들의 여가를 채우고, 문화.예술인구의 저변을 넓히며 건전한 사회분위기를 조성하는 것이 목적입니다. 경기민요교실, 장고교실, 가요교실, 전통무용교실, 스포츠댄스교실, 주부가요교실 등 다양한 교실을 개설하여, 시민들에게 문화활동을 즐길 수 있는 기회를 제공합니다.","[('교실', 7), ('문화', 6), ('프로그램', 3), ('가요', 3), ('음악', 3), ('지역', 2), ('민요', 2), ('합창', 2), ('목적', 2), ('시민', 2)]","['교실', '문화', '프로그램', '가요', '음악', '지역', '민요', '합창', '목적', '시민']"
도선사,강북구 도선사길 278,강북구 우이동 산 69,37.6554935,126.9897725,관광지,강북구,"안녕하세요! 도선사는 유명한 도승인인 도선국사가 862년에 세운 절로 유명합니다. 마애불입상과 함께 손으로 큰 바위를 주장자로 갈라 새겼다는 전설로도 유명하죠. 조선시대에 국가기원 도량으로 지정되어 현재는 청담대종사의 대원력으로 중흥하고 있습니다. 목아미타불, 대세지보살상, 도선사 석 독성상, 출토 동종 및 일괄 유물 등의 문화재도 보유하고 있습니다. 도선사에는 ""자비무적, 밤생도량""이 새겨진 자비문과 바위고개 청담폭포 등이 있습니다. 도선사까지 오르는 길에는 백운대 만경봉 인수봉이 배경으로 언덕을 오르며 삼각산의 경치를 감상할 수 있습니다.","[('도선사', 4), ('도량', 2), ('자비', 2), ('바위', 2), ('청담', 2)]","['도선사', '도량', '자비', '바위', '청담']"
보광사,강북구 삼양로145길 176,강북구 우이동 76-19,37.6493724,127.0033815,관광지,강북구,"안녕하세요! 보광사는 서울시 강북구 우이동 76-19번지 삼각산에 있는 재단법인 선학원 소속사찰입니다. 소나무가 빼곡히 들어서 숲을 이룬 우이동의 솔밭공원을 지나 포장된 길을 따라 걷다보면 삼각산 기슭에 자리한 보광사에 도착합니다. 보광사는 1788년 금강산에서 수도한 원담스님이 신원사를 창건하였고, 이후 한국전쟁으로 인해 소실되었습니다. 하지만 1979년 남산당 정일 스님이 포교의 원을 세우고 이곳에 주석하면서 불사를 시작하여 1980년 11월 보광사로 절 이름을 바꾸었습니다. 이후 스님은 가람을 일구어 오늘의 모습이 되도록 하였고, 대승경전산림법회와 참선법회를 정기적으로 열어 사람들에게 부처님의 가르침과 선법을 전하여 스스로 바른 길을 찾게 하였습니다. 이렇게 대중 교화에 혼을 쏟으셨던 정일스님은 2004년에 열반하셨지만, 보광사는 그 스님의 발원대로 명실상부한 포교의 도량으로서 자리매김하게 되었습니다. 더불어 보광사는 대중들과 함께 더욱 발전적인 모습으로 스님의 뜻을 이어나가고 있습니다. 소나무가 빼곡히 들어서 숲을 이룬 우이동의 솔밭공원을 지나 포장된 길을 따라 걷다보면 삼각산 기슭에 자리한 보광사에 도착합니다. 오늘도 보광사에서 멋진 시간을 보내세요!","[('보광사', 8), ('스님', 6), ('우이동', 3), ('자리', 3), ('삼각산', 3), ('선법', 2), ('오늘', 2), ('숲', 2), ('솔밭', 2), ('포장', 2)]","['보광사', '스님', '우이동', '자리', '삼각산', '선법', '오늘', '숲', '솔밭', '포장']"
본원정사,강북구 삼각산로 1,강북구 인수동 산 125,37.6373881,127.005223,관광지,강북구,"안녕하세요! 본원정사는 대한불교조계종 대각회 소속 사찰로, 서울특별시 강북구 수유동 삼각산에 위치합니다. 이곳은 지장보살이라는 대비보살이 중심이 되어 있어요. 지장보살은 석가모니 부처님과 미륵불 사이인 부처님 없는 시대에 중생들을 교화하는 보살로, 특히 지옥에서 고통 받는 중생들을 구원하기 위해 지옥에 들어가 교화해 제도하는 보살로 널리 알려져 있어요. 이곳에서는 불자들과 서울시민들이 번잡한 마음을 쉴 수 있게 열려있는 도량으로 장엄하게 지켜나가고 있답니다. 더불어, 본원정사는 사바세계 중생들의 몸과 마음의 병을 다스릴 수 있는 도량으로 만들어 가고 있어요. 삼각산 아래에 있는 본원정사에는 목조지장보살좌상이 봉안되어 있으며, 1980년대 초 주지소임을 맡은 원성스님은 이 지장보살상에 감화를 받아 지장보살의 본원을 따르고자 서원을 하였다고 합니다. 이래서 절 이름도 본원정사로 바꾸었대요.","[('보살', 8), ('지장보살', 5), ('본원', 5), ('정사', 4), ('중생', 3), ('도량', 2), ('부처님', 2), ('교화', 2), ('살이', 2), ('지옥', 2)]","['보살', '지장보살', '본원', '정사', '중생', '도량', '부처님', '교화', '살이', '지옥']"
꿈의숲 아트센터,강북구 월계로 173,강북구 번동 90,37.6198726,127.0436442,문화시설,강북구,"안녕하세요! 세종문화회관에서 운영하는 ''꿈의숲 아트센터''는 자연 속에서 다양한 공연과 전시를 즐길 수 있는 멋진 공간입니다. ''꿈의숲 아트센터''는 공연장과 미술관으로 구성되어 있으며, 한국을 대표하는 대규모 공연, 뮤지컬, 연극, 클래식 음악회 등의 다양한 공연을 선보이고 있습니다. 또한, 미술관에서는 국내외 작가의 다양한 작품 전시를 비롯하여, 교육과 감상이 가능한 프로그램도 운영하고 있습니다.

뿐만 아니라, ''꿈의숲 아트센터''는 중국식 레스토랑 ''메이린''과 카페테리아 ''라포레스타'' 카페, 그리고 전망대까지 운영되어 품격 높은 서비스와 편의를 제공하고 있습니다. 모든 공간에서 예술과 문화를 즐길 수 있으며, 다양한 프로그램을 통해 문화 예술에 대한 이해와 감상력을 높일 수 있습니다.

이러한 ''꿈의숲 아트센터''는 지난 2019년 대한민국 대표 문화예술시설로 선정되어 문화예술 발전에 큰 역할을 하고 있습니다. 많은 관심과 참여 부탁드립니다!","[('문화', 5), ('숲', 4), ('공연', 4), ('아트', 4), ('센터', 4), ('예술', 4), ('운영', 3), ('프로그램', 2), ('전시', 2), ('대표', 2)]","['문화', '숲', '공연', '아트', '센터', '예술', '운영', '프로그램', '전시', '대표']"
신검사,강북구 삼양로179길 209-44,강북구 우이동 산 68-1,37.6679006,126.9988537,관광지,강북구,"안녕하세요! 신검사 경내를 소개해드릴게요. 이곳에는 높이 6m에 이르는 석축이 20~40m 길이로 남아있어요. 이 석축은 거대한 자연석으로 쌓아 만들어졌고, 신라 시대부터 고려 시대까지 전해져온 고식(古式)입니다. 또한 거대한 장대석과 주초석 등의 석재가 남아있어서, 사찰의 역사에 대해 고찰해볼 수 있어요. 1970년에는 고려 시대의 소조나한상이 출토되었고, 1998년에는 고려청자와 조선백자, 금동불상 등이 발견되어 유물로도 많은 가치를 지니고 있어요.

원래의 절 이름은 성불사(成佛寺)였는데, 한국전쟁 때 소실되어 터만 남게 되었습니다. 그러던 중 박은강스님이 1959년에 이곳에 법당과 산신각을 지어 법등을 불태웠어요. 이후 1997년에는 절 이름을 신검사로 바꾸고 중수를 하였으며, 2005년에는 의전(義田)스님이 퇴락한 산신각을 대신하여 삼성각과 오성전을 새로 지어서 더욱 더 멋진 모습으로 자리 잡게 되었답니다!
","[('시대', 3), ('고려', 3), ('스님', 2), ('산신', 2), ('검사', 2), ('이름', 2)]","['시대', '고려', '스님', '산신', '검사', '이름']"
창녕위궁재사,강북구 월계로 173,강북구 번동 93-1,37.6205758,127.0430325,문화재,강북구,"안녕하세요! 재사란 무엇일까요? 재사는 조상의 묘에 제사를 지낼 때 여러 가지 편의를 위해 만들어진 건물을 말합니다. 이러한 재사는 한국의 전통문화에서 매우 중요한 역할을 했습니다. 특히, 조선시대에는 이러한 재사가 굉장히 많이 지어졌으며, 현재도 전통문화 유산으로서 보존되고 있습니다.

그 중에서도 창녕위궁재사는 등록문화재 제40호인 전통한식 목조가옥으로, 조선 제23대 순조의 둘째 딸인 복온공주와 부마인 창녕위 김병주의 제사를 위한 재사입니다. 이 재사는 인조반정 공신으로 영의정을 지낸 신경진의 별장으로 쓰였었고, 한일병합 후에는 복온공주와 김병주의 손자인 김석진이 일본의 회유를 위해 내린 남작 작위를 치욕으로 여겨 순국 자결한 곳입니다.

재사는 조상의 묘에 제사를 지낼 때 매우 중요한 역할을 합니다. 그래서 많은 사람들이 깨끗하고 아름다운 재사에서 제사를 지내고자 합니다. 이러한 재사는 우리의 전통문화 유산 중 하나로서, 많은 관심과 보존이 필요합니다.","[('재사', 10), ('제사', 4), ('전통', 4), ('전통문화', 3), ('조상', 2), ('조선', 2), ('김병주', 2), ('유산', 2), ('복온공주', 2), ('창녕', 2)]","['재사', '제사', '전통', '전통문화', '조상', '조선', '김병주', '유산', '복온공주', '창녕']"
백련사,강북구 4.19로20길 142,강북구 수유동 산 127-1,37.6275044,127.0088225,관광지,강북구,"안녕하세요!

백련사는 한국불교 태고종 소속사찰로, 서울시 강북구 수유4동 산127-1번지 삼각산에 위치하고 있습니다. 북한산 첩첩산중에는 많은 사찰들이 자리하고 있습니다. 유구한 역사를 지니고 있을 뿐만 아니라 이름만 남아있는 사찰도 있습니다. 그러나 사찰의 역사가 오래되었건, 되지 않았건 모두 부처님의 연화도량임에는 변함이 없습니다. 대동문으로 오르는 등산로 가에는 작은 가람이 자리하고 있습니다.

백련사는 산을 오르는 사람들은 그냥 스쳐지나가는 작은 사찰이지만, 80여 년 전인 1930년 이은순 여사가 지극한 신심으로 창건한 곳입니다. 이후 많은 사람들이 머무르면서 수행과 포교의 도량으로서 자리매김하게 되었고, 오늘날에도 부처님의 법등을 계승하는 역할을 하고 있습니다.
","[('산', 6), ('사찰', 5), ('자리', 3), ('도량', 2), ('역사', 2), ('백련사', 2), ('부처님', 2)]","['산', '사찰', '자리', '도량', '역사', '백련사', '부처님']"
우이동 만남의광장,,강북구 우이동 186-5,37.6618035,127.0077206,관광지,강북구,"우이동 만남의 광장은 지역주민뿐만 아니라, 경전철 완공과 함께 늘어날 북한산 방문객들도 즐길 수 있는 만남과 휴식, 여가, 문화를 즐길 수 있는 다목적 공간입니다! 무장애 산책로를 조성해 휠체어를 타고도 공원을 편리하게 이용할 수 있도록 배려하였으며, 강북문화예술회관 입구에 놓여있던 현충비와 안내판을 공원 내로 이전해 애국애족의 정신을 기리는 추모공간도 조성되어 있습니다. 즐겁게 방문하시길 바랍니다!","[('조성', 2), ('문화', 2), ('산', 2), ('공원', 2), ('방문', 2), ('만남', 2), ('공간', 2)]","['조성', '문화', '산', '공원', '방문', '만남', '공간']"
봉황각,강북구 삼양로173길 107-12,강북구 우이동 254,37.6602385,127.0060141,문화재,강북구,"우이동 만남의광장에서 도선사 방향으로 가는 초입에 한옥 건물이 한 채 서 있습니다. 이 건물은 천도교 건물인 봉황각입니다. 봉황각은 1912년에 의암 손병희선생이 건립한 교육 시설입니다. 이곳에서는 종교 지도자 교육과 독립정신 교육이 이루어졌고, 이때 교육을 받은 교역자 483명은 훗날 3·1운동의 주도적 역할을 맡았습니다. 이곳 봉황각과 부속 건물에는 손병희 선생이 거주했으며, 그 당시의 유물이 전시되어 있습니다. 봉황각은 한국 독립운동사에서 중요한 산실의 역할을 한 곳으로, 지금은 많은 학생과 시민들의 역사 탐방 장소가 되고 있습니다.","[('교육', 4), ('봉황각', 4), ('건물', 4), ('운동', 2), ('선생', 2), ('역할', 2), ('손병희', 2), ('독립', 2)]","['교육', '봉황각', '건물', '운동', '선생', '역할', '손병희', '독립']"
우이동 먹거리마을,강북구 삼양로181길 45,강북구 우이동 216-14,37.665893,127.0102674,관광지,강북구,"우이동은 도봉산과 북한산 사이의 계곡에 있는 시민들의 휴식처입니다. 우이동 입구에서 왼쪽으로 올라가면 백운대로 오르는 등산길이 있습니다. 도선사를 경유하여 인수봉 정상까지 오를 수도 있습니다. 20분 정도 오르면 원불교 수도원, 성불사, 용덕사, 선운사, 광명사 등 사찰을 방문할 수 있습니다. 입구에서의 분위기는 들뜨지만, 산을 오르면서 차분하고 또 다른 매력을 느낄 수 있습니다. 산 정상에는 군부대가 상주하고 있으며, 이곳은 서울에서도 드물게 잘 보존된 생태계인 우이령, 일명 바위고개로 이어집니다. 우이동에서는 우이암으로 이어지는 등산로도 있습니다. 우이암까지 가는 길은 꽤 험난하지만, 우이암 옆을 지나 도봉산 주릉으로 올라가게 됩니다. 여기서 북쪽으로 뻗은 주릉을 타거나 성황당, 도봉유원지로 하산하면 됩니다. 우이령은 예약자만 탐방이 가능합니다.","[('우이', 8), ('산', 8), ('우이동', 3), ('도봉', 3), ('우이령', 2), ('주릉', 2), ('수도', 2), ('입구', 2), ('정상', 2), ('등산', 2)]","['우이', '산', '우이동', '도봉', '우이령', '주릉', '수도', '입구', '정상', '등산']"
영산군이전묘역,,강북구 번동 산 20-1,37.6291925,127.0333127,문화재,강북구,"이곳은 조선 제9대 임금 성종의 13번째 아들인 영산군, 그의 아들 장흥군, 손자 이경, 증손자 이종 등 4대에 걸친 묘역입니다. 특히, 영산군 이전의 묘역과 장명등, 문인석 등 묘역 내에 부착된 석물(石物)들은 당대의 전형적인 형식과 변화 과정을 보여주는 점에서 학술적 가치가 큽니다. 이러한 석물들은 귀중한 역사 유산 중 하나로서, 우리의 역사를 보존하고 이해하는 데 중요한 역할을 합니다. 더불어, 이곳을 방문하는 관광객들에게는 우리 문화와 역사에 대한 이해를 높이는 좋은 기회가 될 것입니다.","[('역사', 3), ('묘역', 3), ('이해', 2), ('영산군', 2), ('아들', 2), ('손자', 2)]","['역사', '묘역', '이해', '영산군', '아들', '손자']"
삼성암,강북구 인수봉로23길 235,강북구 수유동 산 164-5,37.630339,127.0031599,관광지,강북구,"조계사는 대한불교조계종 직할교구 본사입니다. 이 절은 1872년 신도 고상진이 창건하여 ''소란야''라는 이름을 붙였습니다. 1870년 봄에는 박선묵·유성종·서윤구·고상진·이원기·장윤구·유재호 등 7명이 함께 현재의 절에 있는 천태굴에서 3일간 독성기도를 마친 후 절의 창건을 약속했습니다. 그 약속을 지켜 1872년에 창건되었습니다. 이후 1881년에는 박선묵이 독성각을 건립하고 절 이름을 삼성암으로 바꾸었으며, 1936년에는 동운이 신도 김용태의 시주를 얻어서 칠성각을 중건하였습니다. 1942년 7월 폭우로 절이 무너지면서 화계사 주지 회경이 중창의 뜻을 세워 대방 12칸을 세우게 되었으며, 1943년 7월에는 혜운이 독성각을 다시 세웠습니다. 현재 이 절은 본공·세민이 중건하고 보수한 대웅전을 중심으로 칠성각·독성각·범종각·일주문·요사채 등이 있습니다. 조계사는 청도 운문사 사리암 등과 함께 대표적인 독성기도처로 널리 알려져 있습니다.","[('독성', 5), ('창건', 3), ('기도', 2), ('상진', 2), ('신도', 2), ('현재', 2), ('중건', 2), ('이름', 2), ('약속', 2), ('박선묵', 2)]","['독성', '창건', '기도', '상진', '신도', '현재', '중건', '이름', '약속', '박선묵']"
이시영 묘소,,강북구 수유동 73-3,37.6417834,127.0054499,문화재,강북구,"조선 일제강점기 시기, 이분은 일본의 식민지 침략에 맞서 독립운동을 전개하였습니다. 1910년 한일합병 이후, 이분은 형제들과 함께 재산을 모두 정리하여 만주로 건너가 한인 자치와 독립군 양성을 위해 경학사와 신흥강습소를 설립하는 등 독립운동에 매진하였습니다.

해방 이후에도, 이분은 대한민국 재건에 힘쓰며 다양한 분야에서 활약하였습니다. 그 결과, 1948년에는 초대 부통령에 당선되었으며, 그 후에도 정치, 교육, 문화, 경제 등 다양한 분야에서 활동하였습니다.

이분의 노고와 업적은 인정받아 1949년 건국훈장 대한민국장을 수여하였습니다. 그리고 2012년에는 등록문화재로 지정되어 대한민국 역사와 문화에 큰 기여를 한 인물로 인정받게 되었습니다.
","[('이분', 4), ('문화', 3), ('대한민국', 3), ('분야', 2), ('독립운동', 2), ('이후', 2)]","['이분', '문화', '대한민국', '분야', '독립운동', '이후']"
통일의 집,강북구 인수봉로 251-38,강북구 수유동 527-30,37.6410914,127.0101648,관광지,강북구,"통일의 집은 문익환 목사가 1994년까지 거주한 가옥으로, 그가 통일 운동에 힘썼던 시절을 되돌아보는 장소입니다. 박용길 여사는 이 집을 ''누구나 통일을 논할 때 쓰는 공간''이라는 뜻으로 이름 지었습니다. 문익환 목사는 3.1민주구국선언을 시작으로 총 6번에 걸쳐 11년간 옥고를 치렀으며, 1989년 3월에는 통일의 길을 연다는 가치를 내걸고 북한을 방문해 통일 3단계 방안 원칙에 합의하는 등 민주화운동과 통일운동에 전념했습니다.

통일의 집은 이제 방문객들에게 문화와 역사의 소중함, 그리고 통일의 중요성을 되새김질할 수 있는 소중한 장소입니다. 또한, 이 곳은 문익환 목사가 거주했던 시절의 생활상을 엿볼 수 있는 소중한 자료들이 보존되어 있습니다. 이곳에서는 문익환 목사와 박용길 여사의 업적과 더불어, 통일운동의 역사와 의의에 대해 배울 수 있습니다.

통일의 집은 서울시 성북구 안암동5가에 위치해있으며, 지하철 4호선 안암역에서 도보로 약 10분 거리에 있습니다. 방문 시 꼭 참고하시길 바랍니다.","[('통일', 10), ('운동', 4), ('목사', 4), ('문익환', 4), ('방문', 3), ('시절', 2), ('역사', 2), ('민주', 2), ('박용길', 2), ('거주', 2)]","['통일', '운동', '목사', '문익환', '방문', '시절', '역사', '민주', '박용길', '거주']"
화계사,강북구 화계사길 117,강북구 수유동 487,37.632555,127.0071466,관광지,강북구,"화계사는 조선 중종 17년(1522년)에 신월대사가 창건한 산사입니다. 광해군 10년인 1618년 화재로 모두 소실되었다가 다음 해에 도월스님에 의해 중건되었습니다. 현재는 강북구에 위치하며, 삼각산(三角山)의 동남쪽에 있습니다. 화계사는 옛 왕가 사람들의 출입이 많았던 궁궐이었을 만큼 규모가 크지만, 주변에는 주택가와 숲, 계곡 등이 있어서 자연과 조화롭게 어우러지고 있습니다. 화계사에는 화계사 템플스테이 프로그램이 마련되어 있으며, 이 프로그램을 통해 한국 불교의 전통 문화와 수행 정신을 체험할 수 있습니다. 또한, 화계사에서는 수많은 신행단체법회와 교육 프로그램이 열리고 있습니다. 화계사는 숭산행원 대종사의 원력과 법맥이 살아 숨 쉬는 곳으로, 전 세계 120여개 선원과 외국인 수행자들이 화계사 국제선원에 모여 함께 수행하고 있습니다.","[('화계사', 7), ('프로그램', 3), ('수행', 3), ('선원', 2)]","['화계사', '프로그램', '수행', '선원']"
솔밭근린공원,강북구 삼양로 561,,37.6529618,127.0122387,관광지,강북구,"북한산 동쪽 우이동에 위치한 솔밭공원은, 100년이나 된 1천여 그루의 소나무가 울창하게 자리 잡은 아름다운 곳입니다. 이곳은 산이나 언덕이 아닌 도시의 평지에 자연 그대로의 숲이 자리하고 있으며, 꾸며진 것도 아닌 자연 그대로의 모습을 보여주고 있어요. 1997년 서울시와 강북구가 땅을 매입하여 2004년에는 솔밭근린공원으로 개장되었으며, 실개울, 생태연못, 산책로 등 조경시설이 잘 갖추어져 있어요. 또한, 배드민턴장, 건강지압보도 등 운동시설과 장기, 바둑 쉼터, 어린이 놀이터 등 휴식시설도 완비되어 있습니다. 이곳은 서울 도심에서 유일한 소나무 숲이며, 북한산을 찾는 등반객들이 모여서 산행을 시작하는 곳으로도 많이 이용되고 있어요.","[('산', 5), ('시설', 3), ('서울', 2), ('자연', 2), ('북한', 2), ('그대로', 2), ('숲', 2), ('솔밭', 2), ('소나무', 2), ('공원', 2)]","['산', '시설', '서울', '자연', '북한', '그대로', '숲', '솔밭', '소나무', '공원']"
북한산성,은평구 대서문길 45,은평구 진관동 266-1,37.6550761,126.9496188,문화재,강북구,"북한산 또는 삼각산이라 불리는 산의 능선을 따라 성이 쌓여 있는 북한산성은, 삼국시대부터 한강 유역을 차지한 나라의 방어처로 여겨졌던 곳입니다. <삼국사기>에는 백제 계루왕 5년(132)에 산성을 쌓았다는 기록이 있어요. 고려 시대에도 여러 차례에 걸쳐 성을 쌓았지만, 이후 많은 변화를 겪으면서 현재의 산성은 조선 시대인 1711년(숙종37)에 쌓았답니다. 당시 완성한 성곽은 길이가 7,620보(步), 즉 21리 60보이며, 지형에 따라 적절하게 축성 방식을 달리하여 성벽을 쌓았어요. 군사 지휘소인 장대(將臺)를 세 곳에 만들고, 성문 6개소, 암문 6개소, 수문 1개소를 두었습니다. 북한산이 국립공원화 되면서 북한산성을 오르는 등반 코스는 13곳에 이르며, 정상에 오르면 서울 시내와 한강뿐아니라 서울 근교의 도시까지 한눈에 들어오는 시원한 조망을 즐길 수 있어요!","[('산', 8), ('북한', 4), ('산성', 4), ('개소', 3), ('시대', 3), ('서울', 2), ('산이', 2), ('한강', 2)]","['산', '북한', '산성', '개소', '시대', '서울', '산이', '한강']"
빨래골,강북구 인수봉로23길 60,,37.627587,127.0097628,관광지,강북구,"빨래골은 서울시 강북구 수유동 일대의 마을로, 삼각산 동쪽 골짜기에 위치한 곳입니다. 이곳은 물이 많고 맑아서 빨래터와 쉼터로 이용하던 곳에서 유래된 이름을 가지고 있습니다. 북한산이 시내쪽으로 쭉 뻗쳐 내려온 칼바위능선 골짜기에 해당하는 곳이며, 골짜기 안쪽에는 삼성암이라는 암자가 있습니다. 왼편 산자락에는 아주 특이한 모습의 묘비가 세워져 있는 공초 임상순 선생의 무덤이 자리 잡고 있습니다. 이곳은 2016년부터 ''옛터 빨래골축제''가 개최되는 등 지금도 통용되고 있는 지명입니다. 빨래골을 찾으시려면 지하철 4호선 수유역 3번 출구 앞에서 03번 버스를 타고 빨래골 종점에서 내리시면, 안쪽으로 200여 미터 거리에 도착하실 수 있어요.","[('빨래', 5), ('산', 3), ('골짜기', 3), ('안쪽', 2)]","['빨래', '산', '골짜기', '안쪽']"
오동근린공원,,강북구 번동 산 20-1,37.6308076,127.0317318,관광지,강북구,"오동근린공원은 서울의 강북구 번동과 미아동, 그리고 성북구 월곡동에 걸쳐 있는 대규모 생태공원입니다. 오패산과 벽오산의 두 봉우리가 있는 지역으로 자연을 잘 보존하고 있으며, 산책로, 체육관, 유아 숲 체험장 등의 시설과 모래 체험장, 로프 오르기 등의 체험놀이시설도 마련되어 있습니다. 주민들의 쉼터로 자리 잡아 인근 주택단지에 주거하고 있는 주민들의 휴식과 운동장소로 자주 이용되고 있습니다.","[('체험', 3), ('시설', 2), ('공원', 2), ('주민', 2)]","['체험', '시설', '공원', '주민']"
용덕사,강북구 삼양로179길 209-81,강북구 우이동 244-4,37.6720274,127.0056903,관광지,강북구,"용덕사는 북한산에 있는 사찰이며, 예부터 유서 깊은 곳으로 알려져 있습니다. 용의 명당터로 유명하여 많은 사람들이 매년 기도와 숭배를 하러 찾아옵니다. 중천 스님은 용덕사를 찾아오는 사람들이 부처님의 바른 법을 따르며 참된 기도자가 되길 바라며, 1997년 인도에서 부처님의 진신사리 3과를 모아와 적멸도량으로 바꾸었습니다.
적멸도량은 석존의 진신사리를 모신 전각 또는 장소를 말합니다. 석존은 깨달음을 얻은 후 최초의 적멸도량회를 열었던 마가다국 남쪽의 보리수 아래 금강좌에서 비롯되었습니다. 현재의 적멸도량은 대부분 언덕 모양의 계단을 쌓고 부처님의 진신사리를 봉안하고 있습니다. 진신사리는 부처와 동일체로 경건한 숭배 대상이 되는 것으로, 석존이 항상 그곳에서 적멸의 법을 설하고 있음을 상징합니다.
한국에서는 자장 스님이 당나라에서 돌아올 때 모신 부처님의 정골사리를 나누어 봉안한 5대 보궁이 가장 대표적입니다. 또한 완주의 안심사, 현풍의 용연사, 사천의 다솔사 등도 적멸보궁으로 유명하여 많은 참배객들이 매년 찾아옵니다.","[('적멸', 6), ('사리', 5), ('부처', 5), ('도량', 4), ('부처님', 4), ('석존', 3), ('기도', 2), ('봉안', 2), ('스님', 2), ('매년', 2)]","['적멸', '사리', '부처', '도량', '부처님', '석존', '기도', '봉안', '스님', '매년']"
이준 열사 묘소,강북구 4.19로12길 60-93,,37.6396099,127.0256575,문화재,강북구,"이준은 일제에 의해 강압적으로 ''을사늑약''이 맺어진 뒤, 고종에 의해 헤이그 밀사로 특파되어 일제 침략의 부당함을 해외 만방에 알리려다 만리 이역 땅에서 순국한 우국 열사입니다. 이준은 그 당시의 상황에서 자신의 삶과 안위를 제일로 생각하지 않고, 나라와 백성의 안위를 위해 몸과 맞서 일제 침략을 막기 위한 분투를 계속했습니다. 일제 침략으로부터 나라를 구하기 위해 끝없는 투쟁을 이어가다 결국 어떠한 성과도 얻지 못하고, 1963년 순국 후 55년 만에 헤이그에서 모셔와 안장되었습니다.
이준의 헌신적인 행동은 그가 속한 나라와 백성들에게 큰 영향을 미쳤습니다. 그의 희생은 우리에게 미래를 위한 교훈을 줍니다. 이준의 모습은 나라와 백성들의 안위를 위해 몸과 맞서 싸우는 영웅으로 기억됩니다. 그는 우리에게 나라와 백성을 위해 무엇을 해야 하는지를 알려주는 좋은 교육적인 사례입니다. 그의 영적인 물결은 우리의 세대에서도 계속해서 흘러나갈 것입니다.","[('나라', 5), ('이준', 4), ('일제', 4), ('백성', 4), ('위해', 4), ('침략', 3), ('안위', 3), ('순국', 2), ('헤이그', 2), ('계속', 2)]","['나라', '이준', '일제', '백성', '위해', '침략', '안위', '순국', '헤이그', '계속']"
번영의 샘,도봉구 마들로 650,도봉구 방학동 720-34,37.6680341,127.0471751,조형물,도봉구,"""번영의 샘""은 건물 입구에 위치한 김경화 작가의 작품입니다. 이 작품은 건물의 입지적 특성을 고려하여 수직적인 형태로 디자인되어 있습니다. 작품 전체는 풍요롭고 번영하는 미래를 바라보는 사람들의 속마음을 추상적인 형태로 구성하였습니다. 작품의 하단 부분에는 분수가 설치되어 있어, 마치 번영의 샘에서 끊임없이 물이 흐르는 듯한 느낌을 줍니다.","[('작품', 4), ('번영', 3), ('형태', 2), ('건물', 2)]","['작품', '번영', '형태', '건물']"
역동성-공간 확산,,도봉구 방학동 717-7,37.6678811,127.0455255,조형물,도봉구,"""역동성-공간 확산""은 고수영 작가의 작품으로, 인체의 역동성을 표현하고 있어요. 이 작품은 매우 역동적인 움직임을 보여주고 있어, 감상자들은 시선의 흐름을 따라 움직이면서 작품을 감상할 수 있어요. 이 작품은 인체의 사실적인 모습을 그리기보다는 비구상적인 형태로 표현되어, 감상자들은 자신의 감정에 따라 새로운 감정을 느낄 수 있어요. ""역동성-공간 확산""은 작가의 역동적인 예술적 표현과 감성적인 요소가 조화를 이루며, 작품의 감상을 더욱 풍부하게 만들어 주는 작품이에요.","[('작품', 6), ('감상', 4), ('동성', 3), ('표현', 3), ('확산', 2), ('감정', 2), ('작가', 2), ('인체', 2), ('공간', 2)]","['작품', '감상', '동성', '표현', '확산', '감정', '작가', '인체', '공간']"
유토피아,도봉구 마들로 657,도봉구 방학동 718-8,37.6683154,127.0457478,조형물,도봉구,"""유토피아""는 이일호 작가의 작품으로, 둥글게 뭉쳐진 풍요로운 매스의 한마음 가족과 상승 구조의 아치형 금수강산으로 이루어져 있어요. 이 작품은 사랑으로 가득 찬 가정과 사회의 울타리가 유토피아의 세계를 형상화하는데 초석이 되어, 모두가 꿈꾸고 있는 그 세계로 들어갈 수 있게 해줘요. 시각적 공간감을 극대화한 아치형 구조는 강한 인상을 주며, 작품을 감상하는 사람들에게 희망과 행복을 전해줘요. 이 작품은 우리가 원하는 세상을 그리고, 그 세상을 현실로 만들기 위한 출발점으로서의 의미를 담고 있어요. ""유토피아""는 형상화된 유토피아의 세계로의 진입을 열어주는 작품으로, 모두에게 희망과 꿈을 전하는 소중한 작품이에요.","[('작품', 6), ('유토피아', 4), ('세계', 3), ('희망', 2), ('세상', 2), ('아치', 2), ('계로', 2), ('구조', 2), ('형상', 2)]","['작품', '유토피아', '세계', '희망', '세상', '아치', '계로', '구조', '형상']"
추억공간,도봉구 마들로 645,도봉구 방학동 717-6,37.6675664,127.0454944,조형물,도봉구,"""추억공간""은 권치규 작가의 작품으로, 노란 은행나무 잎을 책갈피 속에 끼워서 보관하며 기억하는 추억의 서정성을 은행잎으로 표현한 작품이다. 이 작품은 우리 모두가 공유하는 추억의 공간을 상징하며, 은행잎의 아름다움과 향기가 담긴 미적 요소를 강조하여 우리의 삶 속에서 추억이라는 소중한 가치를 다시금 되새기게 한다.

작가는 이 작품을 통해 추억이란 공간이 존재한다는 것을 상기시키며, 그 속에서 우리는 행복했던 순간들과 아픈 기억들을 함께 간직하고 있다는 것을 느낄 수 있다. 또한, 작품 속 은행잎의 조형적 특성은 우리의 추억도 변화하며 시간과 함께 변화한다는 것을 상기시킨다. 이러한 작품은 우리에게 삶의 소중함과 추억의 가치를 다시금 떠올리게 해주는 의미있는 작품이다.","[('작품', 7), ('추억', 7), ('은행', 4), ('공간', 3), ('작가', 2), ('변화', 2), ('다시금', 2), ('상기', 2), ('가치', 2), ('기억', 2)]","['작품', '추억', '은행', '공간', '작가', '변화', '다시금', '상기', '가치', '기억']"
합주,도봉구 도봉로150길 43,도봉구 방학동 716-5,37.6663859,127.0455878,조형물,도봉구,"""합주""는 이일호 작가의 작품으로, 서로 다른 개성과 환경을 지닌 다양한 인간들이 여러 화음과 악기로 이루어진 오케스트라처럼 조화롭게 협력하여 아름다운 연주를 선보이는 모습을 표현한 작품입니다. 이 작품은 서로 다른 인간들이 함께 하면서 갈등과 차이를 극복하고 서로를 이해하며, 새로운 조화와 화합을 창조해 나가는 것이 얼마나 아름답고 행복한 일인지를 보여줍니다. 또한, 작품 전체에는 다양한 색상과 형태가 조화롭게 어우러져 있어서, 이 작품을 감상하는 이들에게도 조화와 평화를 전하는 느낌을 줍니다.","[('작품', 5), ('조화', 4), ('서로', 3), ('인간', 2)]","['작품', '조화', '서로', '인간']"
화합,도봉구 마들로 656,도봉구 방학동 720,37.6686287,127.0470496,조형물,도봉구,"""화합""은 이정주 작가의 작품으로, 세 개의 둥근 원과 하나의 원이 하나로 연결되어 있는 구조로 이루어져 있습니다. 이들은 각각 서로 다른 성격과 사고를 가진 사람들을 상징하며, 하나로 묶인 원은 이들이 서로 화합할 수 있음을 나타냅니다.

이 작품은 둥근 원들의 밑바닥에서부터 시작한 원뿔 구조가 매우 특징적이며, 이를 통해 화합이란 의미로 빛을 통해 희망과 꿈을 담고 있습니다. 작품의 둥근 형태와 적극적인 색상들은 따뜻하고 친근한 느낌을 주어 보는 이들의 마음을 따뜻하게 만들어 줍니다.","[('작품', 3), ('화합', 3), ('구조', 2), ('통해', 2), ('서로', 2), ('하나로', 2)]","['작품', '화합', '구조', '통해', '서로', '하나로']"
희망,도봉구 도봉로 678,도봉구 방학동 707-7,37.6648183,127.0435994,조형물,도봉구,"""희망""은 조상화 작가의 작품으로, 직선과 곡선이 섞여 역동적인 구조를 이룹니다. 상단으로 갈수록 넓어지는 모양으로 외향적인 느낌을 주며, 작품을 보는 시점에 따라 모양이 변합니다. 빛과 그림자의 변화, 작품 주변의 환경 변화에 따라 모양이 바뀌며, 동적인 요소와 다양한 색채를 표현합니다. 작품은 사람의 움직임과 색채에 반응하여 변화하는데, 이를 통해 작가가 표현하고자 하는 ""희망""이라는 주제를 보다 생동감 있게 표현합니다. ""희망""은 작가의 예술적인 역량과 창의성을 보여주는 작품 중 하나이며, 다양한 시각과 감각을 자극하는 작품으로, 많은 이들에게 영감을 줄 수 있는 작품입니다.","[('작품', 7), ('작가', 3), ('변화', 3), ('모양', 3), ('표현', 3), ('희망', 3), ('색채', 2)]","['작품', '작가', '변화', '모양', '표현', '희망', '색채']"
Three for one,도봉구 도봉로152길 16,도봉구 방학동 719-2,37.6690533,127.0447352,조형물,도봉구,"""Three for one""은 이영송, 배영진 작가의 작품으로, 주거공간, 이웃, 그리고 나를 상징하는 세 개의 원이 하나의 유기적 곡선에 의해 묶여져, ""살아 있는 오피스텔""로서의 의미를 상징하고 있어요. 이 작품은 구를 통해 그 의미가 완성되는데, 하나의 구를 이루기 위해서는 원의 요소들이 함께 조화롭게 연결되어야 한다는 의미가 담겨져 있습니다.

이 작품은 아름다운 커뮤니티를 위해, 단지 내에 여러 가지 이야기와 문제들이 원을 형성하며, 서로 나누는 공간을 이루려 합니다. 이것은 우리 이웃들이 모여 서로의 구성원을 하나로 연결하고, 한 가족의 의미를 만든다는 것을 함축적으로 표현하고 있어요. 이 작품은 단지 내부의 공간이 뿐만 아니라, 이웃들 간의 관계와 소통, 그리고 공동체 의식을 강조하는 작품입니다.","[('작품', 5), ('의미', 4), ('이웃', 3), ('공간', 3), ('연결', 2), ('상징', 2), ('위해', 2), ('서로', 2)]","['작품', '의미', '이웃', '공간', '연결', '상징', '위해', '서로']"
농도불이,도봉구 노해로69길 15-15,도봉구 창동 10,37.6527842,127.0499606,조형물,도봉구,"“농도불이”는 정대현 작가의 작품입니다. 작품은 농촌과 도시가 하나가 되어야 함을 상징합니다. 농촌과 도시가 하나가 되면 서로가 발전할 수 있습니다. 이는 서로가 협력하고 지원하면 농촌과 도시가 더 나은 발전을 이루어갈 수 있다는 것입니다. 이러한 발전은 농촌과 도시의 경제적, 문화적, 사회적 측면에서 이루어질 수 있습니다. 더불어, 이 작품은 우리가 서로를 인정하고 함께 성장해나가야 한다는 메시지를 전달합니다.","[('도시', 4), ('농촌', 4), ('작품', 3), ('발전', 3), ('서로', 3)]","['도시', '농촌', '작품', '발전', '서로']"
무제,도봉구 도봉로 476,도봉구 창동 659-29,37.6478375,127.0347482,조형물,도봉구,"“무제”는 최기석 작가의 작품으로, 동선과 시설에 제약을 받지 않고 자유롭게 작품을 감상할 수 있도록 했습니다. 작품 감상의 자유로움을 높이기 위해 작품을 감싸고 있는 공간을 최소화하였으며, 이를 통해 감상자는 작품과 더욱 가까워질 수 있습니다. 또한, 옛 조형의 덩어리만의 답답함을 극복하고자 중앙 시선을 둘 수 있는 공간을 마련해 앞뒤 공간의 자연스러운 소통을 갖게 하여 편안한 작품 감상을 가능하게 하였습니다.
작품의 주요 소재인 쇠는 산업화와 함께 그 중요성이 감소하였지만, 작가는 이를 새롭게 발견하여 작품에 사용하였습니다. 쇠가 가지는 빛깔과 질감으로부터 철의 미묘한 표정을 읽어낼 수 있어, 작품 속 철의 아름다움을 더욱 살려냈습니다.
“무제”는 작품 자체뿐 아니라, 작품을 감싸고 있는 공간과 함께 작품 감상에 대한 새로운 시각을 제시합니다. 이를 통해 감상자는 작품 속에 빠져들며, 작가의 의도와 작품의 아름다움을 더욱 깊이 이해할 수 있습니다.","[('작품', 14), ('감상', 6), ('공간', 4), ('더욱', 3), ('작가', 3), ('무제', 2), ('통해', 2), ('자유', 2)]","['작품', '감상', '공간', '더욱', '작가', '무제', '통해', '자유']"
생성 +apple,도봉구 도봉로106길 23,도봉구 창동 624-1,37.6449596,127.0340909,조형물,도봉구,"“생성 +apple”은 유병영 작가의 작품으로, 단순한 일상적인 오브제와 자연에서는 볼 수 없는 완전한 구의 형태변형에서 오는 일차원적인 재미와 통일감, 율동을 동시에 느낄 수 있도록 구상한 작품입니다. 이 작품은 주 출입구에 설치되어 주목성을 살리면서, 한국적인 필선과 각기 짜맞춘 미니멀 아트(minimal art) 형식의 현대적 시대성을 강조한 예술장식품으로 형상화하여 연출합니다.","[('작품', 3)]",['작품']
생태-사랑,도봉구 노해로 341,도봉구 창동 338,37.651399,127.0458986,조형물,도봉구,"“생태-사랑”은 한계원 작가의 작품으로, 같은 시대에 공존하면서 서로를 긍정적인 시선으로 바라볼 수 있는 아름다운 세상을 나타냅니다. 본 작품은 사랑으로 삶을 살아가는 사람들의 의지를 표현합니다. 작품의 형식은 내용과 상응하는 부드러운 곡선과 힘을 담은 둥근 원통형을 사용하였으며, 재료로는 석재를 사용하여 전체적인 분위기를 쇄신하려 노력하였습니다.","[('작품', 3), ('사용', 2), ('사랑', 2)]","['작품', '사용', '사랑']"
아름다운 산,도봉구 노해로69길 15-15,도봉구 창동 10,37.6527842,127.0499606,조형물,도봉구,"“아름다운 산”은 정대현 작가의 작품입니다. 전체적인 형상은 우리의 아름다운 강산을 상징하며, 서로 의지하고 조화를 이루는 세 개의 조형물을 통해 자조, 자립, 협동을 표현합니다. 작품의 외곽선은 단순하게 처리되었지만, 공간은 적절히 배치하여 건물과 조화를 이루며 자연 친화적인 느낌을 갖도록 설계하였습니다. ","[('작품', 2), ('조화', 2), ('산', 2)]","['작품', '조화', '산']"
우리들의 천국,도봉구 도봉로106길 22,도봉구 창동 647-1,37.6443448,127.0337226,조형물,도봉구,"“우리들의 천국”은 박석윤 작가의 작품으로, 안락하고 풍요로운 분위기, 희망, 그리고 꿈 등을 공동 컨셉으로 갖고 있습니다. 어린이가 보드를 타고 내려오며 벽면을 가르는 형상이 작품의 주요 요소입니다. 이 작품은 전통적인 부조의 단조로움과 진부함을 거부하고, 설치형태의 모던한 조형물로써 슈퍼밀러스틸로 만들어져 하늘을 비추며, 브론즈 인물로써 리얼리티를 더해 누구나 쉽게 작품의 의도를 파악할 수 있는 형상으로 구성되어 있습니다.","[('작품', 4), ('형상', 2)]","['작품', '형상']"
유토피아 - 미지의 세계,도봉구 덕릉로59차길 37,도봉구 창동 585-1,37.6402476,127.0353461,조형물,도봉구,"“유토피아 - 미지의 세계”는 이일호 작가의 작품입니다. 이 작품은 인간의 얼굴과 머리카락을 간결한 기하학적 패턴으로 요약함으로써 최대한의 공간성을 확보하였으며, 인간의 지성으로부터 사고의 세계를 넓혀가는 과정을 형상화하였습니다.
이 작품은 무한히 뻗어나가는 인간의 자유로운 의지를 상징하고 있으며, 작가는 이를 통해 우리가 처한 세계에서의 사랑과 연대를 촉구합니다. 또한, 이 작품은 우리가 보는 것과 실제 사물 사이에 간격이 있다는 것을 보여주며, 이 간격을 통해 우리가 보다 깊은 인간성을 이해하고 깨달을 수 있습니다.","[('인간', 4), ('작품', 4), ('세계', 3), ('간격', 2), ('작가', 2), ('통해', 2)]","['인간', '작품', '세계', '간격', '작가', '통해']"
space-Ubiquitous,도봉구 도봉로104길 49-21,도봉구 창동 647-11,37.6438197,127.0342892,조형물,도봉구,"“space-Ubiquitous”는 이철희 작가의 작품입니다. 이 작품은 장소의 중요성을 알리며 동시에 현 시점이 인생에서 가장 중요한 시점임을 상징하기도 합니다. 또한, 디지털 시대의 상징인 2진법의 숫자 0과 1을 투영하여 현대의 감각을 표현하고 있습니다. 이 작품은 기후 환경을 고려하여 내구성이 뛰어난 화강석과 스테인레스 스틸로 제작되었습니다.","[('작품', 3), ('시점', 2), ('상징', 2)]","['작품', '시점', '상징']"
하늘에 열린 창,도봉구 마들로 749,도봉구 도봉동 626,37.67712,127.0469489,조형물,도봉구,"“하늘에 열린 창”은 박찬갑 작가의 작품으로, 작가는 “나의 작업은 자연의 섭리를 바탕으로 합니다. 그것은 곧 인간에게 무한한 욕망과 욕구를 절제하는 일입니다. 그것이 곧 자유이며 인간생존의 길입니다. 책 속에 길이 있습니다. 마음 속에 하늘이 있습니다. 법은 만인에게 평등합니다. 그것이 곧 하늘의 뜻입니다. 법을 운용하는 당신은 하늘의 뜻을 행하는 일입니다. 언제나 하늘의 뜻과 올바른 신념으로 부끄러움 없이 살아가야 합니다. 당신의 하늘을 보세요. 그리고 교신하세요.”라고 말했습니다.","[('하늘', 6), ('인간', 2), ('작가', 2)]","['하늘', '인간', '작가']"
Dialogue-peace,도봉구 마들로 749,도봉구 도봉동 627,37.6791946,127.0465562,조형물,도봉구,"“Dialogue-peace”는 Asdrubal colmenarez 작가의 작품입니다. 이 작품은 중앙에 천연 화강암이 있으며, 양쪽 위쪽에는 크롬강(철의 종류) 두 개가 있습니다. 이러한 세 가지가 결합되어 공동체 사회 안에서의 인간과 자연, 테크놀로지, 과학, 평화의 의지와 그 해답을 제시하고 있습니다.

작가 Asdrubal colmenarez는 이 작품을 통해 인간과 자연이 어떻게 조화를 이룰 수 있는지, 그리고 그 조화가 공동체의 평화를 이루는데 어떤 역할을 하는지를 보여주고자 했습니다. 이 작품은 세 가지 다른 요소들이 결합되어, 서로 상충하는 것이 아닌 보완하며 하나의 아름다운 작품으로 완성됩니다.

작가의 이러한 의도는 사회적으로 중요한 주제이며, “Dialogue-peace”는 그 주제를 잘 표현하고 있습니다. 이 작품은 평화와 인간과 자연의 조화를 적극적으로 추구하며, 이를 통해 공동체 사회의 이상적인 모습을 보여주고 있습니다.
","[('작품', 6), ('인간', 3), ('자연', 3), ('공동체', 3), ('조화', 3), ('작가', 3), ('평화', 3), ('주제', 2), ('결합', 2), ('통해', 2)]","['작품', '인간', '자연', '공동체', '조화', '작가', '평화', '주제', '결합', '통해']"
Transposed Image,도봉구 마들로 749,도봉구 도봉동 627,37.6791946,127.0465562,조형물,도봉구,"“Transposed Image”는 장식 작가의 작품입니다. 천년 전의 통일신라시대 왕관을 현대적인 새로운 이미지로 모뉴멘탈화하여, 천년의 예술이 현대적인 감각과 조화를 이루고 있습니다. 단순하고 기하학적인 구조물에 우리의 전통문양을 투영시켜, 투영된 남은 공간에 스텐레스 원형조각을 설치하여 그 원형조각이 움직일 때마다 주변의 빛과 반사되어 미묘한 광선효과를 내면서, 물질성을 초월한 변화를 보여줍니다.","[('조각', 2), ('원형', 2), ('현대', 2), ('투영', 2), ('천년', 2)]","['조각', '원형', '현대', '투영', '천년']"
이제 무엇을 시작할까?,도봉구 마들로 749,도봉구 도봉동 626,37.67712,127.0469489,조형물,도봉구,"고정수 작가의 작품으로, 현대 사람들은 지나친 욕망으로 인해 순수한 인간미를 잃어가면서 살아가고 있습니다. 이 작품은 그런 현대 사회의 문제를 탐색하고, 건강한 인간미를 되찾고자 하는 한 인간의 고민을 담고 있습니다.

작품에서는 한 인간이 지나치게 추구하는 욕망과 인간미의 상실을 비판하고, 이를 극복하려는 노력을 그려내고 있습니다. 이제는 불굴의 의지로 신비로운 미래를 향해 나아가며, 새로운 목표를 향해 평소 꿈꾸었던 삶의 이상을 실현해 가려는 모습을 표현하고 있습니다.

이 작품은 현대 사회에서 살아가는 모든 이들에게 의미 있는 메시지를 전달하고 있습니다. 인간미를 잃어가는 지금, 과연 어떻게 건강한 삶을 유지할 수 있을까요? 고정수 작가는 이 작품을 통해 우리에게 생각할 거리를 제공하고, 건강한 인간미를 되찾는 방법을 찾아가는 과정에서 우리 모두가 함께 성장할 수 있도록 도와주고 있습니다.
","[('인간', 7), ('작품', 5), ('인간미', 5), ('현대', 3), ('고정수', 2), ('욕망', 2), ('작가', 2)]","['인간', '작품', '인간미', '현대', '고정수', '욕망', '작가']"
도봉서원과 각석군,,도봉구 도봉동 404,37.686711,127.0349329,문화재,도봉구,"도봉서원은 1573년에 건립되어, 서울시에 유일하게 남아있는 사액서원입니다. 서원의 창건자 남언경은 조광조의 학문과 업적을 기념하기 위해 건립했습니다. 1696년에는 우암 송시열의 추가 배향으로 인해 서원의 위상이 높아졌습니다. 하지만, 19세기 말 흥선대원군의 철폐령으로 인해 1871년에 훼철되었습니다. 그러나 1971년에 복원되어 매년 음력 3월과 9월에는 전통향사를 지내오고 있습니다. 도봉구는 2011년부터 2019년까지 3차에 걸친 발굴조사를 실시하여, 기와류, 자기류, 도기류 등 총 192점의 유물이 출토되었습니다. 2021년 8월 24일에는 문화재청에서 10점의 유물을 보물로 지정했습니다. 추가 발굴조사가 필요한 것으로 판단되어, 2018년부터 2019년까지 제3차 발굴조사를 실시하여, 서원의 사당 담장열 및 탑지 등이 발견되어 정비의 학술적 근거를 마련하게 되었습니다. 현재는 도봉서원을 대표하는 문화관광 명소이자 청소년들의 전통교육의 장으로 자리 잡아 지역발전의 계기가 될 것으로 기대됩니다.","[('서원', 6), ('발굴', 3), ('조사', 3), ('유물', 2), ('문화', 2), ('기류', 2), ('건립', 2), ('실시', 2), ('도봉서원', 2), ('전통', 2)]","['서원', '발굴', '조사', '유물', '문화', '기류', '건립', '실시', '도봉서원', '전통']"
만월암석불좌상,도봉구 도봉산길 92-4,도봉구 도봉동 산 31,37.6968262,127.0176249,문화재,도봉구,"만월암은 도봉산 만장봉 중턱에 위치한 보물같은 절입니다. 이곳은 신라 문무왕 시대에 화엄종의 개조인 의상조사가 창건했다고 전해지고 있습니다. 그러나 시간이 지나 남아있는 기록은 없어 자세한 내용은 알 수 없습니다. 그 이후로 만월암은 보덕굴이라는 참선도량으로 유명해졌으며, 1940년에는 여여거사 서광전에 의해 중창되어 오늘날처럼 만월보전, 만월선방, 삼신각, 요사채 등 다양한 건물들이 함께 세워졌습니다. 만월암의 아름다운 경치와 풍경을 즐기며 산책하는 것도 좋은 방법입니다.","[('만월', 5)]",['만월']
천축사 목조석가삼존불,도봉구 도봉산길 92-2,도봉구 도봉동 549,37.694097,127.0193527,문화재,도봉구,"목조석가삼존불좌상(석가불, 미륵보살, 제화갈라보살)은 조선후기 전형적인 불상 양식을 따르고 있습니다. 이 불상은 얼굴을 앞으로 약간 내밀어 구부정한 자세를 취하고 있으며, 머리는 뾰족한 나발(螺髮)과 경계가 불분명한 육계(肉髻)로 표현됩니다. 타원형의 얼굴에 반쯤 뜬 눈은 눈꼬리가 약간 위로 올라갔고, 코는 콧날이 곧게 뻗었으며, 입은 살짝 미소를 머금고 있습니다. 오른손은 무릎 위에 손바닥을 아래로 가지런히 놓고, 따로 제작된 왼손은 엄지와 중지를 둥글게 맞대고 있습니다. 바깥에 걸친 대의는 오른쪽 어깨에서 완만하게 팔꿈치와 복부를 지나 왼쪽 어깨로 넘어가고, 반대쪽 대의는 왼쪽 어깨를 완전히 덮고 내려와 하반신에 펼쳐져 있습니다. 하반신에 걸친 대의자락은 복부에서 오른쪽으로 몇 가닥이 완만하게 펼쳐지는데, 가장 안쪽 옷주름이 두툼하게 접혀 있습니다.

목조보살좌상은 석가불과 거의 동일한 인상과 착의법을 하고 있지만, 머리 위의 보관이나 어깨에 늘어진 보발 등의 표현이 다릅니다. 천축사 목조석가삼존불좌상은 인상이나 어깨의 대의자락, 옷주름 등이 1614년에 만든 조각승 현진(玄眞)의 불상과 유사합니다. 불상에서 발견된 중수발원문 두 장은 18세기 전반에 활동한 조각승과 불화승 연구에 중요한 단서를 제공합니다.
","[('어깨', 5), ('불상', 4), ('대의', 4), ('보살', 3), ('좌상', 3), ('목조', 3), ('주름', 2), ('왼쪽', 2), ('복부', 2), ('삼존불', 2)]","['어깨', '불상', '대의', '보살', '좌상', '목조', '주름', '왼쪽', '복부', '삼존불']"
모자상,도봉구 마들로 749,도봉구 도봉동 626,37.67712,127.0469489,조형물,도봉구,"민복진 작가의 작품은 가족의 사랑과 정성이 주요 주제입니다. 부드럽고 따뜻한 감성으로 어머니의 숭고한 사랑을 표현하며, 인체의 조화로운 구성과 질서 균형을 통해 참된 인간의 모습을 절제된 형태로 그려 균형을 유지하려 노력합니다. 작품에는 가족적인 감성으로 애정과 사랑의 충만함이 담겨 있어, 감상하는 이들에게는 끝없는 그리움과 고요한 감동을 주는 멋진 작품입니다.","[('작품', 3), ('사랑', 3), ('가족', 2), ('감성', 2), ('균형', 2)]","['작품', '사랑', '가족', '감성', '균형']"
도봉산,도봉구 도봉산길 92-1,도봉구 도봉동 산 32,37.6915978,127.0243757,관광지,도봉구,"북한산 국립공원 내 동북쪽에 있는 ''도봉산''은 자운봉을 포함하여 만장봉, 선인봉, 주봉, 오봉, 우이암 등의 아름다운 암벽으로 유명합니다. 특히, 선인봉 암벽 등반 코스는 박쥐코스 등 37개 코스가 개척되어 있습니다. 북한산 및 도봉산 지역에는 60여 개의 사찰이 있습니다. 그 중 천축사는 제일 오래된 건축물로, 망월사, 회룡사 등의 절과 도봉계곡, 송추계곡, 오봉계곡, 용어천계곡 등 멋진 계곡들도 있습니다. 서울과 근교 주민들이 가장 좋아하는 등산지 중 하나로 교통이 편리합니다.","[('산', 5), ('계곡', 5), ('코스', 3), ('도봉', 3), ('암벽', 2), ('오봉', 2), ('북한', 2), ('도봉산', 2), ('선인', 2)]","['산', '계곡', '코스', '도봉', '암벽', '오봉', '북한', '도봉산', '선인']"
천축사 비로자나삼신불도 및 복장유물,도봉구 도봉산길 92-2,도봉구 도봉동 549,37.694097,127.0193527,문화재,도봉구,"불화는 가로가 긴 화면으로 구분되어 있는데, 상단에는 삼신불, 하단에는 보살들이 앉아있습니다. 삼신불은 최고 중앙에 있고, 왼쪽에는 보신 노사나불, 오른쪽에는 석가모니불이 있습니다. 삼신불은 불단 위의 연화좌에 앉아 있으며, 모두 원형의 두광과 신광을 지니고 있습니다. 그 외에도 4보살과 시방제불, 2보살과 범천 및 제석천 등이 배치되어 있습니다. 하단에는 8보살이 있으며, 지장보살을 제외한 모든 보살은 동일한 모습의 화려한 보관을 쓰고 있습니다. 이 불화는 19세기 중엽부터 서울과 경기 지역에서 활발히 불화제작을 한 경선당 응석이 주관하고, 명성황후 민씨(1851∼1895)를 위해 상궁들이 시주하여 제작하였습니다.","[('보살', 6), ('불화', 3), ('제작', 2), ('하단', 2)]","['보살', '불화', '제작', '하단']"
산악박물관,도봉구 도봉산길 86,도봉구 도봉동 405,37.6874789,127.0340839,문화시설,도봉구,"산악박물관은 2011년 10월 1일 개관한 곳이에요! 북한산국립공원 도봉산에 위치해 있어서 자연을 느끼기에도 좋아요. 작은 규모이지만, 247㎡에 200여점의 과거 산악인들이 사용했던 장비를 전시하고 있어서 우리나라가 산악강국으로 선보인 발자취와 산악인의 혼을 엿볼 수 있답니다. 특히 30~40년대 사용되었던 등산화와 명품족이 사용했던 가죽배낭이 눈길을 끌고 있고, 모형으로 만들어진 암벽과 빙벽에는 우리나라 최초의 등반용 헬멧과 각종 빙설장비, 피켈 등이 전시되어 있어요. 이곳을 방문하시면 산악인들의 역사와 함께 산악문화에 대해 더 알아갈 수 있을 거예요!","[('산', 9), ('산악', 6), ('사용', 3), ('산악인', 3), ('전시', 2), ('장비', 2), ('우리나라', 2)]","['산', '산악', '사용', '산악인', '전시', '장비', '우리나라']"
서울창포원,도봉구 마들로 916,도봉구 도봉동 4-1,37.6892727,127.0475814,관광지,도봉구,"서울 강북의 끝자락인 도봉산과 수락산 사이에 세계 4대 꽃 중 하나인 붓꽃(Iris)이 가득한 특수식물원이 들어섰어요! 도봉구 도봉동 4번지 일대 52,417㎡에 새롭게 조성한 서울창포원은 붓꽃원, 약용식물원, 습지원 등 12개의 테마로 구분 조성됐대요. 이중 붓꽃원에는 130종의 다양한 붓꽃 30만본을 약 15,000㎡의 면적에 식재해 종류별로 붓꽃의 아름다움을 감상할 수 있게 만들었어요. 이곳에는 노랑꽃창포, 부채붓꽃, 타래붓꽃, 범부채 등 꽃봉오리가 붓 모양을 한 붓꽃류 130여종 30만본이 1만5천㎡에 걸쳐 식재돼 있어 ''창포원''으로 이름 붙여졌답니다.  또한 약용식물원에는 70종 13만본이 식재돼 있어 국내에서 생산되는 약용식물 대부분을 한자리에서 관찰할 수 있어요. 습지원은 습지식물 7만본이 식재돼 있으며, 각종 수생식물과 습지생물들을 관찰할 수 있도록 관찰데크가 설치됐어요. 이밖에 군락지 식생의 변화과정을 관찰할 수 있는 천이관찰원을 비롯, 숲속쉼터 등을 조성해 주민들에게 생태교육 및 여가와 휴식공간으로 제공할 계획이에요. 붓꽃(Iris)은 매년 5~6월 개화하며 꽃이 없을 때에도 잎 모양이 난과 비슷해 관상용으로 좋아요.","[('붓꽃', 9), ('식물', 6), ('관찰', 5), ('습지', 4), ('식물원', 3), ('약용식물', 3), ('조성', 3), ('창포', 3), ('서울', 2), ('부채', 2)]","['붓꽃', '식물', '관찰', '습지', '식물원', '약용식물', '조성', '창포', '서울', '부채']"
다락원체육공원,도봉구 창포원로 45,도봉구 도봉동 8,37.6918316,127.0466813,관광지,도봉구,"서울 도봉산 자락에 위치한 체육공원은 서울 동북권에서 가장 큰 규모를 자랑합니다. 배드민턴장은 총 14개의 코트를 갖춘 대형 실내 체육관으로, 마루 시설도 잘 되어 있어 시민들의 만족도가 높습니다. 또한 인조잔디 축구장과 대형 실내 테니스장, 게이트볼장, 어린이 체육시설 및 놀이공원 등 다양한 시설을 제공합니다. 이 곳은 지하철 7호선과 1호선 도봉산역에서 400미터 떨어진 곳에 위치해 있습니다.","[('시설', 3), ('체육', 3), ('서울', 2), ('실내', 2), ('위치', 2), ('호선', 2), ('대형', 2), ('공원', 2), ('도봉산', 2)]","['시설', '체육', '서울', '실내', '위치', '호선', '대형', '공원', '도봉산']"
석굴암 천룡도,도봉구 도봉산길 92-4,도봉구 도봉동 산 31,37.6968262,127.0176249,문화재,도봉구,"석굴암 천룡도에 대해 소개해드리겠습니다. 작은 규모에도 불구하고, 이 신중도는 매우 치밀하게 그려졌으며, 적색과 녹색의 색채가 아름다운 조화를 이루고 있습니다. 또한, 활기찬 존상들의 비례도는 매우 세련되게 그려져 있습니다. 이 불화에서는 위태천의 자세가 재미있게 그려져 있습니다. 불화의 조성시기는 분명하게 알려져 있지는 않지만, 조성 과정에서 ''齋主''가 등장한다는 점에서, 조성 목적이 재를 지내기 위한 것이었을 것으로 추측됩니다. 이 불화는 18세기 중반 불화의 양식 특징을 잘 보여주고 있습니다. 감사합니다!","[('불화', 4), ('조성', 3), ('매우', 2)]","['불화', '조성', '매우']"
천축사,도봉구 도봉산길 92-3,도봉구 도봉동 550,37.6941241,127.0199045,관광지,도봉구,"신라 문무왕 13년(673)에 창건된 천축사는, 의상(義湘)스님이 문도들을 이끌고 만장봉 동쪽 기슭에 왔다가 그 산세의 빼어남에 감탄하여 현재의 위치에 창건하게 하였다고 합니다. 그리고 조선 태조 7년(1398) 함흥으로 갔다가 돌아오던 태조가 옛날 이곳에서 기도하던 기억을 상기하고 절을 중창하였으며, 천축사(天竺寺) 현판을 하사하였습니다.

성종 5년(1474) 어명으로 중창되었고, 현재의 건물은 1959년에 중수한 것입니다. 대웅전, 원통전, 독성각, 산신각, 요사 등이 있고, 참선도량 무문관이 있다는데요. 무문관은 불교 선수행의 현근대적 역사에 기록될 근대 선수행의 얼이 숨어 있는 기념비적인 수행처이며, 천축사는 역사적 기록과 현대의 불교계에 큰 위치를 차지하고 있습니다. 부처님의 진신사리가 모셔진 적멸보궁으로, 전통사찰이자 천 년 고찰이니 보존되고 개발되어야 할 것입니다.
","[('천축사', 3), ('수행', 3), ('태조', 2), ('근대', 2), ('선수', 2), ('무문관', 2), ('역사', 2), ('현재', 2), ('불교', 2), ('중창', 2)]","['천축사', '수행', '태조', '근대', '선수', '무문관', '역사', '현재', '불교', '중창']"
김근태기념도서관,도봉구 도봉산길 14,도봉구 도봉동 279,37.6876202,127.0440062,문화시설,도봉구,"안녕하세요! 김근태기념도서관은 민주주의와 인권을 중시하는 공간으로, 김근태님의 민주적인 삶을 도서관, 전시관, 기록관 등 곳곳에 담고 있어요. 김근태기념도서관에 방문하시는 모든 분들은 도서, 기록, 전시, 공연, 체험, 교육문화프로그램 등을 통해, 김근태님의 민주주의 삶을 기반으로 한 평화, 인권, 경제, 정치 등의 다양한 이야기를 만나보실 수 있습니다. 김근태기념도서관은 공익기관으로서, 민주주의를 정착시키는 보루이자 정보격차와 불평등을 해소하는 사회적 장치, 평생학습과 지식정보의 생산기지로서, 민주주의 실현의 주체인 시민이 보다 성숙한 시민의식의 역할을 다할 수 있는 민주주의의 장이 되겠습니다. 김근태기념도서관을 방문하시면, 김근태님의 업적과 더불어, 다양한 이야기와 경험을 즐길 수 있으니, 많이 찾아주세요!","[('김근태', 7), ('도서', 6), ('민주', 6), ('민주주의', 5), ('도서관', 5), ('기념', 4), ('전시', 2), ('시민', 2), ('이야기', 2), ('정보', 2)]","['김근태', '도서', '민주', '민주주의', '도서관', '기념', '전시', '시민', '이야기', '정보']"
도봉서원,도봉구 도봉산길 90,도봉구 도봉동 산 59-1,37.6855832,127.0304589,관광지,도봉구,"안녕하세요! 도봉서원은 서울에 위치한 현존하는 유일한 서원으로, 도봉산 입구 등산길에 오르면 우측에 옛 영국사 터에 위치하고 있습니다. 이곳은 1573년에 남언경이 양주목사로 부임하여 지방유림의 공의로 조광조(趙光祖)의 학문적 사상과 덕행을 추모하기 위해 창건하였으며, 창건과 동시에 ''도봉(道峰)''이라는 이름을 받았습니다. 1775년에는 어필사액을 다시 받아 선현배향과 지방교육의 일익을 담당하였습니다. 400여 년간 양주, 파주, 포천, 서울지역에 있는 선비들의 발길이 끊이지 않았습니다. 하지만, 1871년 홍선대원군의 서원철폐령으로 인해 훼철되어 위패는 땅에 묻혀버렸습니다. 하지만, 1903년 지방유림에 의해 단을 설치하여 봄, 가을에 향사를 지내 오다가 6.25전쟁으로 다시 중단되었습니다. 그러나, 1970년 도봉서원재건위원회가 구성되어 1971년 복원되어, 매년 음력 3월10일(춘향제), 9월10일(추향제)에는 전국 유림 및 지역유지가 모여 전통향사를 지내고 있습니다.","[('서원', 4), ('도봉', 4), ('유림', 3), ('지방', 3), ('서울', 2), ('양주', 2), ('지역', 2), ('창건', 2), ('도봉서원', 2), ('향사', 2)]","['서원', '도봉', '유림', '지방', '서울', '양주', '지역', '창건', '도봉서원', '향사']"
무수골계곡,,도봉구 도봉동 468-1,37.6761955,127.032337,관광지,도봉구,"안녕하세요! 서울의 최북단, 경기도 의정부와 맞닿은 도봉산은 자운봉 740m와 오봉산 683m의 높은 봉우리 아래로 용어천계곡, 문사동계곡, 원도봉계곡 등이 위치하고 있어요. 산 정상에서 마을로 내려가는 마지막 자락에는 길게 뻗은 계곡이 있어서, 이곳은 도봉계곡 또는 무수골계곡이라고 불리기도 해요. 이곳에서는 많은 바위와 물줄기를 만날 수 있어서 여름철 더위를 피해 산과 물을 찾는 사람들에게 사랑받는 인기 있는 곳이랍니다. 1호선, 7호선 도봉산역을 통해 찾아오실 수 있어요. 즐거운 산행 되세요!","[('산', 6), ('계곡', 6), ('도봉', 4), ('기도', 2), ('호선', 2), ('도봉산', 2)]","['산', '계곡', '도봉', '기도', '호선', '도봉산']"
전주 이씨 영해군파 묘역,도봉구 도봉로169라길 111-10,도봉구 도봉동 산 81-1,37.6786968,127.0297096,문화재,도봉구,"안녕하세요! 서울특별시 도봉구 도봉동 전주 이씨 영해군파 묘역에 있는 조선 전기 종친 영춘군 이인의 묘입니다.

이 묘는 조선시대의 한 귀족 가문의 묘지 중 하나입니다. 이 가문은 세종의 측근으로 궁준에서 근무하였고, 영춘군 이인은 세종의 아홉번 째 아들인 영해군 이당의 아들로, 세종대왕의 삼남매 중 하나였습니다.

이 묘는 전통적인 한국의 묘지 양식을 따르고 있으며, 영춘군 이인의 업적과 정신을 기리기 위해 건립되었습니다. 조선시대 귀족 묘의 특징을 잘 나타내고 있으며, 유서 깊은 조선시대의 역사와 정치적 상황을 이해하는 데 도움이 되는 중요한 역사적 증거물입니다.

묘역은 조용하고 아름다운 자연경관 속에 위치하고 있어, 많은 관광객들이 찾아오고 있습니다. 이곳에서는 역사적인 분위기를 느끼면서 조용히 산책을 즐길 수 있으며, 영춘군 이인의 삶과 업적에 대해 배울 수 있습니다. 또한, 묘역 내부에는 많은 조형물과 문화재들이 전시되어 있으며, 이 물건들은 조선시대의 문화와 예술을 보여주는 소중한 유산입니다.

조선시대 귀족 문화와 역사를 이해하고자 하는 분들이라면, 이 묘역을 꼭 방문해보시길 추천드립니다.
","[('묘', 10), ('조선', 6), ('조선시대', 5), ('영춘군', 4), ('역사', 4), ('묘역', 4), ('이인', 4), ('문화', 3), ('귀족', 3), ('세종', 3)]","['묘', '조선', '조선시대', '영춘군', '역사', '묘역', '이인', '문화', '귀족', '세종']"
쌍문채움도서관,도봉구 우이천로 340,도봉구 쌍문동 381-9,37.6470727,127.0262208,문화시설,도봉구,"안녕하세요! 쌍문채움도서관은 예술을 즐기며 일상을 채울 수 있는 예술특화 도서관입니다. 2019년 12월 14일 개관한 이후로 17,000여 권의 장서와 매년 49,700여 명의 이용자를 기록하고 있습니다. 687㎡ 크기의 건물에는 유아자료실, 어린이자료실, 종합자료실, 북카페, 다목적 강당 등이 운영되고 있어 지역 주민들의 예술적 인식을 높이고, 창의력과 호기심을 자극하는 복합 문화공간 역할을 하고 있답니다. 또한 인근에 쌍문청소년랜드와 둘리뮤지엄이 위치하여 다양한 문화예술 활동을 즐길 수 있습니다. 감사합니다!","[('예술', 4), ('자료', 3), ('문화', 2), ('도서관', 2), ('쌍문', 2)]","['예술', '자료', '문화', '도서관', '쌍문']"
날개짓,도봉구 마들로 749,도봉구 도봉동 626,37.67712,127.0469489,조형물,도봉구,"안녕하세요! 엄태정 작가의 작품은 2개의 알루미늄 판재(30mm 두께)를 각 철재에 홈을 파고 끼워 새의 날개짓을 조각적 구조를 통해 표현한 것입니다. 이 작품은 새의 날개짓을 형상화하여 더욱 생생한 이미지를 만들어낸 독특한 조각 작품으로, 작가의 창의적인 아이디어와 기술적인 능력이 돋보입니다. 작품을 보는 이들은 새의 자유로운 날개짓과 그 속에 담긴 아름다운 의미를 느낄 수 있습니다.

이 작품과 함께 솔밭근린공원, 봉산 오동근린공원, 백운산 등 서울의 아름다운 공원을 방문하시면 자연과 문화를 동시에 즐길 수 있습니다. 서울의 공원들은 시원한 바람과 아름다운 풍경, 그리고 다양한 문화 체험을 제공하여 지친 일상에서 쉬어갈 수 있는 휴식의 장소가 될 것입니다.
","[('작품', 5), ('공원', 4), ('날개', 3), ('서울', 2), ('조각', 2), ('문화', 2), ('작가', 2)]","['작품', '공원', '날개', '서울', '조각', '문화', '작가']"
기원 2,도봉구 마들로 749,도봉구 도봉동 626,37.67712,127.0469489,조형물,도봉구,"안녕하세요! 홍성문 작가의 작품은 인간 모든 욕심을 멀리하게 만들어주는 멋진 작품입니다. 그의 작품들은 참된 사랑과 행복한 삶을 추구하며, 더 나아가 인류의 이상향인 자유와 평화를 지향합니다. 홍성문 작가는 만사가 형통하기를 천지 신명에게 기원합니다. 이러한 작가의 의도는 전통적인 여인 좌상의 모습에서도 확인할 수 있습니다. 고마워요!","[('작품', 3), ('작가', 3), ('홍성문', 2)]","['작품', '작가', '홍성문']"
원통사,도봉구 도봉로169길 520,도봉구 도봉동 546,37.683036,127.0106122,관광지,도봉구,"원통사는 조계사의 직할사찰 중 하나입니다. 서울시 도봉구 도봉산에 위치하고 있으며, 한강을 바라보고 있습니다. 오랫동안 수행기도처로 알려져 있으며, 근대에는 만공, 동산, 춘성스님 등이 이곳에서 큰 깨달음을 얻었습니다. 또한, 관음기도 도량으로도 유명하며, 조선 시대 유학자들 사이에서는 명소로 자리잡았습니다. 현재 경내에는 조선 태조 이성계가 기도한 석굴이 있으며, 이 지역은 호랑이, 코끼리, 학 등 여러 동물 모습을 한 바위들이 있는 천혜의 관음성지로 알려져 있습니다.","[('기도', 3), ('관음', 2), ('조선', 2)]","['기도', '관음', '조선']"
국립공원공단 북한산생태탐방원,도봉구 도봉산길 86,도봉구 도봉동 405,37.6874789,127.0340839,문화시설,도봉구,"이곳은 국내 유명 등산가들이 고봉을 등정하거나 극지대를 탐험할 때 휴대한 장비들이 전시되어 있어 산악인들이 즐겨찾는 곳입니다. 대한산악연맹에서 기증받아 전시한 206점과 일반 산악인들이 기증한 400여 점 총 600여점의 전시품들을 감상할 수 있습니다. 또한, 국내 3대 산악잡지와 전문 산악서적 3,300여권도 전시되어 있어, 우리나라 등산의 근대적 태동기부터 최근 해외 원정까지 등산의 역사를 반영하는 각종 진귀한 전시품들을 살펴볼 수 있습니다.","[('산악', 5), ('전시', 5), ('등산', 3), ('산악인', 2), ('기증', 2), ('국내', 2), ('전시품', 2)]","['산악', '전시', '등산', '산악인', '기증', '국내', '전시품']"
행복한 동행,도봉구 마들로 749,도봉구 도봉동 626,37.67712,127.0469489,조형물,도봉구,"작가 송픽의 작품인 ""행복한 동행""은 검찰이 추구하는 다섯 가지 가치인 정의, 진실, 인권, 공정, 청렴에서 영감을 받아 제작 및 계획된 작품입니다. 이 작품은 인간과 사회의 정의로운 공존을 상징하며, 다양한 형태의 군상은 남녀노소 차별 없이 같은 인간으로서 검찰이 추구하는 가치 아래에서 ""바로섬""을 기반으로 합니다. 이 가치는 공평성과 정의의 중요성, 검찰의 역할을 나타냅니다. 검찰의 정의 구현을 통해 인간과 사회의 행복한 미래를 건설하며, 이를 위해 나아가고자 하는 검찰청의 의지를 담았습니다. 또한, 부드럽고 온화한 느낌으로 친근하면서도 가까운 이미지를 전달하며, 공공성 및 시민 접근성을 고려하여 조화롭게 주변 환경과 건축물과 어우러지도록 디자인되었습니다.","[('검찰', 5), ('정의', 4), ('인간', 3), ('작품', 3), ('가치', 3), ('추구', 2)]","['검찰', '정의', '인간', '작품', '가치', '추구']"
도봉사,도봉구 도봉산길 89,도봉구 도봉동 494-2,37.6854889,127.0302742,문화재,도봉구,"치성광여래삼존도는 여래, 보살, 도인 등의 모습으로 의인화한 불화로, 하늘의 별들과 함께 봉안됩니다. 이 불화는 산신도, 독성도와 함께 사찰 내의 삼성각에 봉안되거나 별도로 독립된 칠성각에 봉안됩니다. 도봉사 치성광여래삼존도는 작은 화면에 치성광여래 좌우에 일광보살과 월광보살이 그려진 삼존 형식입니다.

치성광여래는 가슴 부근에 오른손을, 복부에 왼손을 두어 엄지와 중지를 맞댄 손모양입니다. 치성광삼존 위로는 보개와 채운이 그려져 있습니다. 이 불화는 경상북도 지역에서 제작 봉안되었음을 확인할 수 있습니다.","[('여래', 5), ('치성', 5), ('봉안', 4), ('삼존', 4), ('보살', 3), ('불화', 3)]","['여래', '치성', '봉안', '삼존', '보살', '불화']"
평화문화진지,도봉구 마들로 932,도봉구 도봉동 8,37.6918316,127.0466813,문화시설,도봉구,"평화문화진지는 조선시대 다락원이 있던 자리입니다. 다락원은 나라 일로 여행하는 관리들이 쉬거나 잠을 잘 수 있던 공공 숙박시설이었습니다. 1950년 6.25 전쟁 시 탱크를 몰고 침공했던 북한군의 다시 침입에 대비해 전쟁이 끝난 후 이곳에 대전차 방호시설이 지어졌습니다. 방호시설의 주거공간은 노후되어 2004년 철거되었지만, 군사 시설에 해당하는 1층은 그대로 방치되어 도시의 미관을 해치는 흉물로 전락하게 되었습니다. 그러나 이곳은 2017년 문화 공간으로 부활했습니다. 공간재생사업을 통해 군사시설이었던 옛 대전차 방호시설을 2014년 7월 민간과 행정의 협력을 통해 문화창작공간으로 재탄생시키게 되었습니다. 대전차 방호시설의 흔적들을 보존한 채 작가들에게 시설 내 공간 및 장비를 지원합니다. 이러한 창작지원사업과 지역문화의 활성화를 도모하는 문화예술프로그램을 운영하며, 공간의 역사를 통해 시민들과 함께 문화를 이어가고자 합니다.","[('시설', 8), ('문화', 6), ('공간', 6), ('방호', 4), ('전차', 3), ('통해', 3), ('군사', 2), ('지원', 2), ('다락원', 2), ('창작', 2)]","['시설', '문화', '공간', '방호', '전차', '통해', '군사', '지원', '다락원', '창작']"
간송 옛집,도봉구 시루봉로 149-18,도봉구 방학동 430,37.6648047,127.0281676,문화재,도봉구,"간송 전형필은 우리나라 문화유산을 보호하고 해외에 유출된 문화재를 되찾아오는 등 민족문화유산의 수호자로 인정받는 인물입니다. 그분의 묘소와 100년 넘게 전해져 내려온 전통한옥이 방학동에 자리하고 있습니다. 간송 전통한옥은 조선시대 중반의 건축양식을 보존하고 있어 우리나라 전통 건축물의 역사와 문화를 엿볼 수 있는 소중한 유산입니다. 또한, 그분의 묘소는 그의 업적과 민족문화유산 보호에 대한 공로를 기리며 그의 존경심을 표현한 것입니다. 이곳은 우리 문화유산을 보호하고자 하는 분들에게 큰 영감을 줄 수 있는 장소입니다.","[('문화', 6), ('유산', 5), ('문화유산', 4), ('보호', 3), ('전통', 3), ('민족', 2), ('간송', 2), ('우리나라', 2), ('묘소', 2), ('건축', 2)]","['문화', '유산', '문화유산', '보호', '전통', '민족', '간송', '우리나라', '묘소', '건축']"
양지,도봉구 도봉로150다길 42,도봉구 방학동 717,37.6677995,127.0446753,조형물,도봉구,"김경화 작가의 ""양지""는 입체공간에서 즐길 수 있는 자유의 개념을 표현한 작품입니다. 이 작품은 삶의 방정식을 풀어가는 사람들의 희망을 상징적으로 나타내며, 조형개념을 벗어나 자연의 사실을 재구성하여 만들어졌습니다. 작가는 이 작품을 보는 이들에게 충만한 기쁨과 즐거움을 주는 희망의 메시지를 전달하고자 합니다. ""양지""는 그 형태와 구조가 마치 자유로운 운동을 하는 듯한 느낌을 주며, 이 작품을 둘러싼 공간과 빛의 조합에 따라 변화하는 모습을 보여줍니다. 이 작품은 보는 이로 하여금 자유로움과 희망, 그리고 새로운 가능성을 상상하게 만들어줍니다.","[('작품', 5), ('희망', 3), ('자유', 3), ('개념', 2), ('작가', 2), ('양지', 2), ('공간', 2)]","['작품', '희망', '자유', '개념', '작가', '양지', '공간']"
덕성여자대학교박물관,도봉구 삼양로144길 33,도봉구 쌍문동 419,37.6511988,127.0161604,문화시설,도봉구,"덕성여자대학교박물관은 종합박물관이지만 여성대학의 특성을 살려 여성들의 생활사를 살펴볼 수 있는 여성생활 문화재를 집중적으로 수집하고 있어요. 유물은 총 2,367점을 소장하고 있으며, 분야별로 공예, 복식, 서화 등 다양한 분야가 있어요. 특히 목공예와 복식 유물은 수차례의 특별전과 국내외 전시를 통해 많은 사람들에게 사랑받았답니다. 상설전시와 더불어 지속적인 특별전, 조사, 연구를 통해 전통문화를 체험하고 교육적인 정보를 제공하고 있어요. 덕성여자대학교박물관은 여러분이 전통문화를 느끼고 배울 수 있는 공간으로 열려 있습니다!","[('여성', 3), ('대학', 3), ('박물관', 3), ('분야', 2), ('복식', 2), ('유물', 2), ('전시', 2), ('덕성여자대', 2), ('공예', 2), ('전통문화', 2)]","['여성', '대학', '박물관', '분야', '복식', '유물', '전시', '덕성여자대', '공예', '전통문화']"
이집묘,도봉구 방학로 278-33,,37.6637956,127.0204361,문화재,도봉구,"덕수 이씨 종파의 묘역은 역사적인 가치와 함께 아름다운 경관을 자랑합니다. 세대별로 필(泌)-안눌(安訥)-합(柙)-광하(光夏)-집(㙫)-주진(周鎭)-은(溵)-학빈(學彬)의 묘가 있으며 이들의 묘역은 조선시대 양반의 사상과 문화를 살피는데 중요한 자료로 활용됩니다.
안눌의 묘는 당진에 위치해 있으며, 한성판윤을 지낸 광하의 묘는 연천으로 향합니다. 이들 묘역은 각각의 역사적 배경과 함께 미술, 건축 등 분야의 중요한 역사적 유산을 보유하고 있습니다. 덕수 이씨 종파의 묘역은 우리나라의 역사와 문화를 이해하고 체험할 수 있는 소중한 장소 중 하나입니다.","[('묘', 7), ('역사', 4), ('묘역', 4), ('이씨', 2), ('문화', 2), ('안눌', 2), ('종파', 2), ('덕수', 2)]","['묘', '역사', '묘역', '이씨', '문화', '안눌', '종파', '덕수']"
도봉로비갤러리,도봉구 마들로 656,도봉구 방학동 720,37.6686287,127.0470496,문화시설,도봉구,"도봉구청 1층 로비갤러리는 지역 예술인들이 문화 창달 활동을 전개할 수 있는 공간으로, 구청을 방문하는 방문객들이 문화의 향기를 느끼고 새로운 시각과 감성을 발견할 수 있는 장소로 활용되고 있습니다. 이 갤러리는 무료 대관이 가능하며, 지역 예술인들을 위한 전시회를 비롯하여 전문 예술인들이 초청되는 전시회도 자주 개최됩니다. 이를 통해 다양한 분야의 예술 작품을 감상하며 문화적 지식과 인식을 넓힐 수 있습니다. 또한, 이 공간은 예술 작품의 전시뿐만 아니라 다양한 문화 행사와 공연도 열리는 장소로서, 지역 주민들의 문화생활을 즐길 수 있는 기회를 제공합니다. 도봉구청 1층 로비갤러리는 지역 예술인들과 시민들 모두가 함께 문화와 예술을 나누는 소중한 장소입니다.","[('예술', 7), ('문화', 6), ('지역', 4), ('예술인', 4), ('전시', 3), ('구청', 3), ('장소', 3), ('갤러리', 3), ('작품', 2), ('로비', 2)]","['예술', '문화', '지역', '예술인', '전시', '구청', '장소', '갤러리', '작품', '로비']"
서울특별시교육청 도봉도서관,도봉구 삼양로 556,도봉구 쌍문1동 422-163,37.6525664,127.012899,문화시설,도봉구,"도봉도서관은 북한산의 아름다운 자연경관과 함께 위치하고 있어 자연을 사랑하는 이들에게 특히 좋은 장소입니다. 이곳은 대중교통으로 쉽게 접근할 수 있으며, 백운초등학교와 덕성여대와 인접해 학생들이 이용하기에도 좋습니다. 1981년 개관 이래로 20만 여 권의 다양한 장서들을 보유하고 있으며, 지역 주민들에게는 다양한 자료와 정보를 제공하고 있습니다. 또한, 교육 및 문화 프로그램을 많이 개발하여 지역 주민들의 삶에 활력을 불어넣고 있습니다. 대출정보로는 1인당 최대 7권까지 대출 가능하며, 대출 기간은 14일입니다. 도서관은 지식과 문화를 나누는 장으로서, 지역사회와 함께 다양한 활동을 펼치며 독서 문화를 활성화하는데 큰 역할을 합니다.","[('지역', 3), ('문화', 3), ('대출', 3), ('자연', 2), ('정보', 2), ('도서관', 2), ('주민', 2)]","['지역', '문화', '대출', '자연', '정보', '도서관', '주민']"
도봉문화원,도봉구 도봉로 552,도봉구 창동 303,37.6540005,127.0386044,문화시설,도봉구,"도봉문화원은 1994년에 설립되었으며, 이후 27년간 다양한 문화사업을 운영해 왔습니다. 해당 문화원에서는 지역의 역사와 전통을 기반으로 다양한 문화정보를 제공하여 지역주민의 문화적 삶의 질 향상을 위한 노력을 지속하고 있습니다. 이를 위해 다양한 전통문화와 예술, 음악, 무용 등의 프로그램을 운영하고 있으며, 또한 지역주민들의 참여를 촉진하기 위한 다양한 이벤트와 축제를 선보이고 있습니다. 이러한 노력으로 인해 도봉문화원은 지역주민들에게 다양한 문화경험을 제공하고, 지역사회의 문화적 발전에 큰 역할을 하고 있습니다.","[('문화', 9), ('지역', 5), ('주민', 3), ('문화원', 3), ('역사', 2), ('제공', 2), ('노력', 2), ('전통', 2), ('도봉', 2), ('운영', 2)]","['문화', '지역', '주민', '문화원', '역사', '제공', '노력', '전통', '도봉', '운영']"
도봉옛길 문화제,,도봉구 방학동710,37.6622653,127.0431073,레포츠,도봉구,"도봉옛길 문화제는 서울 도봉구의 대표적인 문화유산인 도봉옛길의 역사와 문화적 가치를 알리기 위해 열리는 행사입니다. 도봉옛길은 조선시대 수도 한양과 한반도 각지를 잇는 중요한 간선도로였습니다. 이 길은 지금의 도봉로가 만들어지기 전까지 주로 사용되던 교통로였으며, 과거부터 현재까지 주민들의 일상이 담겨있는 공간입니다.

도봉옛길은 조선시대부터 현재까지 다양한 사람들이 오가며 역사적인 의미와 문화적 가치가 있습니다. 한국전쟁 때는 북한의 침입로로 사용되기도 했죠. 오늘날에도 도봉구 주민들뿐 아니라 다양한 사람들이 삶의 터전으로 이용하고 있습니다.

도봉옛길 문화제는 이러한 역사적·문화적 가치를 알리기 위해 지역문화축제로 마련되었습니다. 지역문화예술인들이 구성한 도봉옛길 예술상단은 도봉옛길 곳곳에서 거리공연을 연출하며 지역주민과 함께 문화예술을 즐길 수 있도록 합니다. 또한, 도봉옛길 거리행렬, 기획전시, 체험프로그램, 도봉문화굿즈 등 다양한 형태의 콘텐츠를 통해 도봉옛길의 매력을 함께 누릴 수 있도록 합니다.","[('도봉', 13), ('문화', 10), ('옛길', 9), ('지역', 3), ('역사', 3), ('가치', 3), ('주민', 3), ('예술', 3), ('도봉구', 2), ('현재', 2)]","['도봉', '문화', '옛길', '지역', '역사', '가치', '주민', '예술', '도봉구', '현재']"
둘리뮤지엄,도봉구 시루봉로1길 6,도봉구 쌍문동 산 240-5,37.6529565,127.0276512,문화시설,도봉구,"둘리뮤지엄은 둘리가 빙하를 깨고 등장하여 친구들을 만나 재미있는 이야기를 나누는 것과 자연에서 그리운 엄마를 만나는 둘리를 모티브로 만든 작품입니다. 아이들에게 가족과 자연의 소중함을 알려주는 용도로 디자인되었어요. 건물을 위에서 바라보면 아기공룡 둘리의 옆모습과 숫자 2를 형상화하여 디자인하였고, 주변 쌍문 근린공원을 이용하여 자연과 문화, 사람이 어우러지는 커뮤니티 공간으로 구성되어 있습니다. 서울시 도봉구 쌍문동에 위치한 둘리뮤지엄은 지하 1층과 지상 3층으로 이뤄진 뮤지엄입니다. 각 공간마다 만화 속 에피소드를 테마로 꾸며져 있으며, 아이들 눈높이에서 설명해주는 도슨트 해설을 통해 둘리 세상을 여행 할 수 있습니다. 1층 매직어드벤처는 오감을 만족시킬 수 있는 공간이며, 2층엔 코믹테마타운, 3층은 드림스테이지가 있습니다.","[('둘리', 6), ('자연', 3), ('지엄', 3), ('공간', 3), ('디자인', 2), ('테마', 2), ('쌍문', 2)]","['둘리', '자연', '지엄', '공간', '디자인', '테마', '쌍문']"
명월동문 바위글씨,도봉구 방학로 278-33,,37.6637956,127.0204361,문화재,도봉구,"바위글씨는 자연바위면을 직사각형(110x30cm)으로 정면한 후 우에서 좌로 ‘명월동문(明月洞門)’을 새겨 놓았습니다. 해서체로 쓰여진 바위글씨는 ‘명월동이라는 계곡으로 들어가는 입구’라는 뜻이지만, 현재 쓴 사람과 새긴 시기는 알 수 없습니다. 도봉구에서 우이동으로 넘어가는 도로가 나있는 곳은 예전에는 계곡이었습니다. 예전 계곡에는 서에서 동으로 흐르는 계류가 일정한 흐름을 유지했을 것으로 추정됩니다. 이 계곡에서 보는 달빛이 아름다웠을 터이니, ‘밝은 달빛이 비추는 계곡 입구’란 ‘명월동문’을 새겼던 것으로 추정합니다.","[('계곡', 5), ('명월', 3), ('바위', 3), ('월동', 3), ('글씨', 2), ('추정', 2), ('달빛', 2), ('동문', 2), ('입구', 2), ('예전', 2)]","['계곡', '명월', '바위', '월동', '글씨', '추정', '달빛', '동문', '입구', '예전']"
적의,도봉구 도봉동 626,도봉구 마들로 749,37.67712,127.0469489,조형물,도봉구,"박석원 작가의 작품은 두 개의 반 원통날개가 좌우로 뻗으며 무한의 모양으로 대조되는 형상으로, 음과 양, 좌와 우의 상관관계를 중심축으로 조화시켜 강하고 힘찬 느낌을 주고 있습니다. 이 작품은 단오하고 절제된 조형공간을 유지하면서, 인간의 높은 이상과 비전을 실현하기 위한 착상으로 탄생하였습니다. 이 작품은 무한공간을 향한 열망을 상징하며, 그 구성은 매우 균형잡히고 조화로워 감상하는 이로 하여금 깊은 감명을 줍니다.","[('작품', 3), ('조화', 2), ('무한', 2), ('공간', 2)]","['작품', '조화', '무한', '공간']"
성비원씨 묘,,도봉구 방학동 산 61-1,37.66267,127.025626,문화재,도봉구,"성비원씨 묘는 조선시대 중기인 18세기에 건립되었으며, 대한민국에서는 1973년부터 사적 제91호로 지정되어 보호되고 있습니다.

성비원씨 일가는 대한민국에서 가장 유명한 선조중 하나인 성균관 이순신의 형제 성진관의 후손으로, 조선시대 광해군 시절에는 안동에서 효정위를 지냈으며, 그 후 서울 도봉구 방학동에 옮겨 살았습니다. 성균관 이순신과 함께 한국사에 큰 업적을 남긴 이 일가의 묘는 매년 제사를 지내는 유적지로, 한국사를 연구하는 학자들이나 역사적인 관심을 가진 일반인들에게도 중요한 역사적 가치를 지니고 있습니다.

이 묘는 주변에 산림이 울창한 자연 경관 속에 자리하고 있으며, 3층으로 구성된 정자와 2층으로 구성된 신사, 2개의 극락정 등으로 이루어져 있습니다. 또한, 문화재로는 주홍색 당청색으로 꾸며진 기단, 중앙에 있는 사당, 좌우에 있는 부사당, 그리고 사당 앞뜰의 돌문도 보존되어 있습니다.

성비원씨 묘는 조선시대 선조들의 역사와 문화를 보존하고 있는 소중한 문화재이며, 한국의 역사와 문화를 이해하는 데 중요한 역할을 하고 있습니다. 따라서 이곳을 방문하면 한국의 역사와 문화를 더욱 깊이 이해할 수 있을 뿐만 아니라, 조선시대 문화재의 아름다움과 매력을 느낄 수 있습니다.","[('문화', 6), ('역사', 5), ('한국', 4), ('묘', 4), ('조선시대', 4), ('비원', 3), ('사당', 3), ('문화재', 3), ('사적', 3), ('이해', 2)]","['문화', '역사', '한국', '묘', '조선시대', '비원', '사당', '문화재', '사적', '이해']"
국립현대미술관 창동레지던시,도봉구 덕릉로 257,도봉구 창동 601-107,37.6406895,127.039364,문화시설,도봉구,"안녕하세요!
국립현대미술관 창작스튜디오는 한국현대미술의 국제화와 미술작가들의 창작 여건 활성화를 위해 만들어졌어요. 여기는 미술작가들이 안정적인 작업환경에서 창작활동을 할 수 있도록 공간과 지원을 제공해요. 또한 국내외 미술작가들의 국제교환입주, 워크샵 등 다양한 교류활동을 지원하고 있어요. 지역주민들과 함께하는 다양한 전시활동, 문화탐방, 어린이 교육프로그램 등도 운영하고 있답니다.
감사합니다!","[('미술', 5), ('활동', 3), ('작가', 3), ('창작', 3), ('지원', 2), ('현대', 2), ('국제', 2)]","['미술', '활동', '작가', '창작', '지원', '현대', '국제']"
작품95-15,,도봉구 쌍문동 653,37.6563598,127.0387723,조형물,도봉구,"안녕하세요! ""작품95-15""은 한계원 작가의 작품입니다. 한계원 작가는 한국 현대미술계를 이끌어가는 재능있는 작가 중 한 명입니다. 이 작품은 수직의 직육면체와 원통형의 유기적 형태를 사용하여 만들어졌습니다. 이를 통해, 작가는 서로 다른 형태와 느낌들이 조화롭게 어우러질 수 있다는 것을 시각적으로 보여주고 있습니다. 또한, 원형과 사각형, 매끄러움과 거칠음, 직선과 곡선 등 서로 상반된 조형요소를 사용하여, 주변환경과의 갈등을 조화롭게 해소하려는 인간의 의지를 담고 있습니다. 이러한 작품들은 우리의 일상생활에서 쉽게 놓치기 쉬운 것들을 다시금 발견하게 해줍니다. 그러므로, 한계원 작가의 작품을 감상하며 우리의 일상에서 새로운 아이디어를 얻어내보는 것은 어떨까요?","[('작품', 5), ('작가', 5), ('한계', 3), ('형태', 2), ('사용', 2), ('서로', 2), ('일상', 2)]","['작품', '작가', '한계', '형태', '사용', '서로', '일상']"
김수영문학관,도봉구 해등로32길 80,도봉구 방학동 498-31,37.659887,127.023815,문화시설,도봉구,"안녕하세요! 김수영문학관에 대해 알려드릴게요.

김수영문학관은 시인 김수영씨를 기리기 위해 만들어진 공립문학관입니다. 이 곳은 김수영씨의 시문과 시학, 그리고 그의 업적을 기리기 위해 만들어졌어요.

2013년 11월 27일에 개장했고, 지금은 서울특별시 도봉구청에서 운영하고 있습니다. 김수영씨는 대한민국의 대표적인 시인 중 한 명으로, 그의 시는 국내뿐만 아니라 해외에서도 많은 사람들에게 사랑을 받고 있어요.

김수영문학관에서는 김수영씨의 시와 관련된 자료들을 보실 수 있고, 그의 삶과 업적을 알아볼 수 있는 전시도 있답니다. 이 곳을 방문하시면 김수영씨와 그의 문학세계를 더욱 더 깊이 이해할 수 있을 거예요.","[('김수영', 8), ('문학', 5), ('문학관', 4), ('시인', 2), ('리기', 2), ('위해', 2), ('업적', 2)]","['김수영', '문학', '문학관', '시인', '리기', '위해', '업적']"
도봉기적의도서관,도봉구 마들로 797,도봉구 도봉동 652-1,37.6812003,127.0502366,문화시설,도봉구,"안녕하세요! 도봉구에 위치한 도봉기적의도서관에 대해 설명해드릴게요.

도봉기적의도서관은 어린이 전문도서관으로, 서울특별시 최초이자 전국 12번째 기적의도서관입니다. 도서관은 2003년부터 책읽는사회문화재단과 도봉구가 공동 건립하여, 보유 장서는 35,000권, 전자책 716권으로 다양한 자료와 정보를 제공하고 있습니다. 매년 97,000여 명의 이용자가 있는 만큼 매우 인기가 있어요.

도서관은 연면적 1,489.27㎡에 지하 1층~지상 2층 시설에 다양한 공간들을 갖추고 있습니다. 사무실, 기계실, 보존서고, 영유아자료실, 나비잠(수유실), 열두대문극장, 성인자료실, 배움터, 아낌없이주는나무 등이 있어, 어린이들의 창의적인 성장을 위해 다양한 프로그램을 제공합니다.

도봉기적의도서관 주변에는 평화문화진지와 서울창포원 등이 위치하여 다양한 평화문화, 자연체험활동을 즐길 수 있어요. 도봉기적의도서관은 어린이들이 남을 배려하고 이해하는 따스한 가슴의 인간으로 자유롭게 자랄 수 있도록 모든 어린이에게 평등한 기회를 보장하고 최선의 창조적 성장환경과 봉사를 제공하는 살아있는 꿈의 도서관입니다. 많은 분들이 이용해보시면 좋겠어요!



","[('도서관', 9), ('도봉', 6), ('기적', 5), ('어린이', 4), ('자료', 3), ('문화', 3), ('제공', 3), ('성장', 2), ('도봉구', 2), ('이용', 2)]","['도서관', '도봉', '기적', '어린이', '자료', '문화', '제공', '성장', '도봉구', '이용']"
도봉문화정보도서관,도봉구 덕릉로 315,도봉구 창1동 418,37.6445808,127.0438827,문화시설,도봉구,"안녕하세요! 도봉문화정보도서관은 2001년 10월 9일 개관하여, 지역주민분들께서 정보를 이용하시고 독서를 즐기며 문화활동을 즐길 수 있는 공간을 마련하였습니다. 총 보유한 장서는 14만권, 전자책은 10,600권으로 매년 386,000여명의 이용자분들께서 이용하시고 계시답니다. 도서관 건물은 지하 1층, 지상 2층으로 총 규모는 3,216㎡이며, 종합자료실, 컴퓨터교육실, 멀티미디어실, 어린이열람실, 자유열람실 등 다양한 시설을 제공하고 있습니다. 도서관은 성인 및 청소년분들을 대상으로 교육, 문화, 독서문화 활성화를 위한 공간으로 활용되고 있어, 지역주민분들께서 평생학습의 장으로 활용하실 수 있습니다. 도서관은 초안산근린공원 내에 위치하고 있어, 산책로와 체육시설 등을 활용하여 휴식을 취할 수 있는 좋은 공간입니다!","[('문화', 4), ('도서관', 4), ('활용', 3), ('이용', 3), ('공간', 3), ('지역', 2), ('교육', 2), ('시설', 2), ('열람', 2), ('정보', 2)]","['문화', '도서관', '활용', '이용', '공간', '지역', '교육', '시설', '열람', '정보']"
도봉아이나라도서관,도봉구 노해로69길 151,도봉구 창4동 808-1,37.6590072,127.0494699,문화시설,도봉구,"안녕하세요! 도봉아이나라는 어린이들을 위한 도서관 및 문화정보 기능을 제공하는 곳이에요. 2008년 4월 17일에는 도봉어린이문화정보도서관으로 개관하였으며, 2018년 4월 8일부터는 “도봉아이나라”로 불리고 있어요. 도봉아이나라에는 보유 장서 8만1천권, 영어 원서 18,000권, 전자책 651권이 있어요. 또한, 매년 193,000여명의 이용객들이 이용하고 있답니다. 건물 규모는 1,497.59㎡이며, 지하 1층과 지상 3층으로 구성되어 있어요. 시설로는 유아열람실, 디지털자료실, 자료열람실과 독서 데크, 다목적강당과 문화교실 등이 있어요. 도봉아이나라는 미취학아동과 초등학생 어린이들의 교육, 문화 및 독서문화 활성화 공간으로서, 아동의 눈높이에 맞추어 더 큰 꿈과 생각을 열 수 있는 글로벌 인재를 양성하는 영어특화도서관이에요. 근처에는 시립창동청소년수련관과 문화체육센터가 위치하고 있어, 다양한 문화·체육활동 공간으로 활용할 수도 있답니다.","[('문화', 7), ('도봉', 5), ('도서관', 3), ('어린이', 3), ('자료', 2), ('이용', 2), ('열람', 2), ('정보', 2), ('독서', 2), ('아동', 2)]","['문화', '도봉', '도서관', '어린이', '자료', '이용', '열람', '정보', '독서', '아동']"
방학동 은행나무,,도봉구 방학동 546,37.6607535,127.0227938,문화재,도봉구,"안녕하세요! 방학동 은행나무에 대해 설명해드릴게요. 이 은행나무는 서울특별시 도봉구 방학동에 위치해 있고, 1968년 2월 26일에 서울특별시 보호수 1호로 지정되었습니다. 이 나무는 수령이 오래된 것으로 추정되어서, 금번 문화재 지정 조사 시 국립산림과학원의 과학적 수령조사 결과 600년으로 측정되었습니다. 천연기념물 제59호 <서울 문묘 은행나무>의 수령 702년 다음으로 수령이 오래된 것이죠.

이 은행나무는 원래는 부부 은행나무라 불리는 두 그루의 은행나무 중 하나였는데, 지금은 수나무 하나가 기념물로 지정되어 있습니다. 이 나무는 외과수술로 줄기가 약간 변형되고 가지도 정리되어 있어서 수관폭이 원형과는 같지 않을 수 있지만, 노거수임에도 불구하고 수령측정을 위해 채취한 목편 상태를 볼 때 양호한 생장상태를 유지하고 있습니다.

방학동 은행나무는 문화재 보호구역으로 지정되어 있어서, 이 은행나무의 보호에 필요한 최소한도의 지역이 지정되어 있습니다. 이를 통해 은행나무의 생육 환경을 보존하고 있다는 거죠. 이런 소중한 자연유산을 보호하면서 우리의 역사와 문화를 이어나가는 것은 아주 소중한 일입니다.","[('나무', 12), ('은행나무', 9), ('지정', 5), ('수령', 5), ('보호', 4), ('방학동', 3), ('서울', 3), ('문화', 3), ('측정', 2), ('조사', 2)]","['나무', '은행나무', '지정', '수령', '보호', '방학동', '서울', '문화', '측정', '조사']"
법종사,도봉구 해등로 354,도봉구 쌍문1동 525-3,37.6576224,127.0170435,관광지,도봉구,"안녕하세요! 법종사는 서울 도봉구 쌍문동에 위치한 아름다운 불교 사찰입니다. 사찰 건물은 석탑 모양으로 높게 솟아 올라 지상 5층으로 이루어져 있어요. 불교 사찰이라 그런지 조용하면서도 안락한 분위기가 느껴지는데요, 뒤쪽으로는 동네 야산과 같은 쌍문 근린공원이 자리해 있어서 자연의 아름다움을 눈으로 즐길 수 있답니다.

법종사에서는 우이선 솔밭공원역 1번 출구를 통해 쉽게 접근할 수 있어요. 주변으로는 북한산과 도봉산이 있는데, 우이동에서 바라보는 북한산과 방학동에서 바라보는 도봉산을 배경으로 하고 있어서 정말 멋진 경치를 볼 수 있습니다.

불교 사찰이기 때문에 조용한 분위기를 유지하고 있어요. 하지만 불교 문화와 역사를 배울 수 있는 다양한 체험 프로그램도 준비되어 있어요. 만약 관심이 있다면, 법종사에서 멋진 경험을 쌓아보는 것도 좋을 것 같아요!","[('산', 5), ('사찰', 4), ('불교', 4), ('종사', 3), ('북한', 2), ('분위기', 2), ('공원', 2), ('쌍문', 2), ('도봉산', 2)]","['산', '사찰', '불교', '종사', '북한', '분위기', '공원', '쌍문', '도봉산']"
연산군묘,,도봉구 방학동 562-4,37.6612974,127.0217768,문화재,도봉구,"안녕하세요! 연산군묘에 대해 알려드릴게요.

연산군묘는 조선시대에 살았던 연산군과 그의 부인인 거창군부인 신씨의 무덤으로, 서울 도봉구 창동에 위치해 있어요. 연산군은 조선 제10대 왕인 세종대왕의 아들이었는데, 어릴 때부터 배우자인 거창군부인 신씨와 함께 풋내기 왕자 교육을 받았다고 해요.

연산군은 창경궁에서 살다가 조선 후기인 1506년에 일어난 10월의 변사체 (왕실내의 반란) 사건으로 인해 조선 왕실에서 유배되었고, 거창군부인 신씨는 그와 함께 출발하여 함께 행방불명이 되었다는 전설이 있어요.

연산군묘는 무덤이라고 해서 그야말로 시끄러운 곳은 아니지만, 조용하고 아름다운 곳이에요. 조선시대의 정치적인 역사와 왕실의 가정생활, 그리고 연산군과 거창군부인 신씨의 삶을 엿볼 수 있는 곳이랍니다.","[('연산군', 7), ('조선', 5), ('부인', 5), ('신씨', 4), ('거창군', 4), ('연산군묘', 3), ('왕실', 3), ('무덤', 2), ('조선시대', 2)]","['연산군', '조선', '부인', '신씨', '거창군', '연산군묘', '왕실', '무덤', '조선시대']"
원당마을한옥도서관,도봉구 해등로32가길 17,도봉구 방학동 543-2,37.6601714,127.021812,문화시설,도봉구,"안녕하세요! 원당마을한옥도서관에 대해 알려드릴게요.

원당마을한옥도서관은 도봉산 아래, 방학3동 원당샘공원과 수령 600년이 넘는 은행나무옆에 위치한 도봉구립 공공도서관입니다. 2022년 5월에 개관한 전통특화도서관으로, 한옥 건물에 문을 연 서울 동북권역 최초의 도서관입니다.

원당마을한옥도서관은 우리 전통문화와 역사를 계승하고, 전통한옥의 아름다움과 특수성을 살려 만들어졌습니다. 이곳은 영유아부터 어르신까지 모두가 함께 책으로 문화를 향유하고, 사람과 사람이 만나 인문공동체를 꾸리는 공간입니다.

도서관에서는 절기행사, 인문-역사 강의, 다양한 체험과 전통놀이, 그리고 세상을 읽는 전시 등 다양한 프로그램을 운영하며, 지역주민들의 삶을 더욱 풍요롭게 만들어줍니다. 이곳에서 함께 어울려 책으로 문화를 나누고, 전통문화와 문학을 경험하며, 새로운 인연을 만들어보세요!","[('도서관', 7), ('전통', 5), ('문화', 4), ('마을', 3), ('역사', 2), ('인문', 2), ('전통문화', 2)]","['도서관', '전통', '문화', '마을', '역사', '인문', '전통문화']"
원당샘,도봉구 해등로32가길 16,도봉구 방학동 547,37.6609057,127.0223555,문화재,도봉구,"안녕하세요! 원당샘에 대해 설명해드릴게요. 원당샘은 도봉구 연산군묘 근처에 위치한 우물입니다. 이곳은 매우 오래된 우물로, 몇백년 동안 마을 사람들의 식수원으로 사용되어 왔다고 해요. 예전에는 ''피양우물''로 불리웠는데, 1979년에 현재의 이름인 ''원당샘''으로 바뀌었어요. 이 우물은 심한 가뭄에도 마르지 않고, 일정한 수온을 유지하여 혹한기에도 얼어붙지 않아서 정말 좋은 식수원이 되었습니다.

그리고 2011년에는 원당샘 주변에 공원이 조성되었어요. 이를 통해 원당샘, 연산군묘, 서울시 지정보호수 1호인 은행나무, 북한산 둘레길 등을 연계하여 역사와 문화가 어우러지는 도봉구 명소로 자리 잡았습니다. 산책하기에도 좋고, 역사와 자연을 함께 느낄 수 있는 멋진 장소이니 꼭 한번 방문해보시길 추천드려요!","[('산', 4), ('우물', 4), ('도봉구', 2), ('연산군묘', 2), ('역사', 2), ('식수', 2)]","['산', '우물', '도봉구', '연산군묘', '역사', '식수']"
양효공 안맹담과 정의공주 묘역,도봉구 방학로 252-19,도봉구 방학동 467,37.6620694,127.0241536,문화재,도봉구,"안녕하세요! 정의공주묘와 양효공 안맹담 부부 묘소에 대해 설명해드리겠습니다.

이 묘소는 조선 시대 세종의 딸인 정의공주와, 부마인인 양효공 안맹담 부부의 묘소입니다. 정의공주는 세종대왕의 9번째 딸로, 6세에 황태자 이방원과 결혼했습니다. 하지만 이방원이 조선 세조의 무녀 출신인 왕후 이씨와 결혼하기로 하자, 이방원과의 결혼이 무효가 되었습니다. 그 이후로 정의공주는 혼자 살았으며, 양효공 안맹담 부부도 그녀와 함께 묘소에 안장되어 있습니다.

이 묘소는 우리나라 역사와 문화를 이해하는 데 있어서 중요한 자료로 평가받고 있으며, 많은 역사인물들의 유적지와 함께 위치하고 있습니다. 이곳을 찾아 방문하면, 우리 역사의 흔적을 직접 만나볼 수 있습니다.","[('묘', 6), ('묘소', 5), ('정의공주', 4), ('이방원', 3), ('부부', 3), ('안맹담', 3), ('역사', 3), ('효공', 3), ('결혼', 3), ('조선', 2)]","['묘', '묘소', '정의공주', '이방원', '부부', '안맹담', '역사', '효공', '결혼', '조선']"
약사비,도봉구 노해로69길 15-15,도봉구 창동 10,37.6527842,127.0499606,조형물,도봉구,"약사비는 대한민국의 농업협동조합의 역사를 기록하고 있는 조형물입니다. 이 조형물은 농촌과 도시가 서로 연결되어 있음을 상징하면서, 농촌과 도시가 함께 하면 더 큰 힘을 발휘할 수 있다는 메시지를 담고 있습니다.
약사비를 받치는 조형물은 농촌과 도시가 함께 의지를 모아야 한다는 메시지를 조형적으로 나타낸 작품이며, 이것은 농업협동조합의 100여년의 역사를 표현하고 있습니다. 농촌과 도시는 서로 독립적으로 존재하지 않으며, 서로 연결되어 있습니다. 이러한 연결은 농업협동조합의 역할이 중요하다는 것을 보여줍니다.
약사비는 대한민국의 농업협동조합이 얼마나 많은 일을 하고 있는지, 그리고 얼마나 중요한 역할을 하고 있는지를 상징하고 있습니다. 이것은 농촌과 도시가 함께 하면 더 큰 힘을 발휘할 수 있고, 이를 통해 대한민국의 발전에 기여할 수 있다는 것을 말합니다.","[('도시', 5), ('농촌', 5), ('조형', 4), ('농업협동조합', 4), ('연결', 3), ('대한민국', 3), ('사비', 3), ('서로', 3), ('역사', 2), ('상징', 2)]","['도시', '농촌', '조형', '농업협동조합', '연결', '대한민국', '사비', '서로', '역사', '상징']"
양주목사 선정비,도봉구 방학로3길 117,,37.6580211,127.0387508,문화재,도봉구,"양주목사 선정비는 조선시대 양주지역에서 지방관의 공적을 기리기 위해 백성들이 세운 비입니다. 이 비는 쌍문동에 위치하며, 4기로 구성되어 있습니다. 이 비는 지방관들의 공적을 기리는 것뿐만 아니라, 그들의 업적을 후손들에게 전하는 역할도 하고 있습니다. 또한, 양주지역의 역사와 문화를 이해하는 데 도움을 줄 수 있어 매우 의미있는 장소입니다. 양주목사 선정비는 오랜 역사를 가지고 있지만, 여전히 우리에게 큰 가치를 지니고 있습니다. 그래서 이 곳을 방문해서 역사와 문화를 배우는 것은 좋은 경험이 될 것입니다.","[('양주', 4), ('역사', 3), ('지역', 2), ('선정', 2), ('방관', 2), ('문화', 2), ('공적', 2), ('목사', 2), ('기리', 2)]","['양주', '역사', '지역', '선정', '방관', '문화', '공적', '목사', '기리']"
염상섭 묘,도봉구 시루봉로 145,도봉구 방학동 436-3,37.6638153,127.0278235,문화재,도봉구,"염상섭은 우리나라의 문학계를 대표하는 작가 중 한 명입니다. 본명은 염혁(廉赫)이지만, 호는 횡보(橫步)로 불리기도 했습니다.
보성전문학교에서 공부하다가 일본으로 건너가 교토부립중학과 게이오대학을 졸업한 후 《동아일보》 기자로 활동했습니다. 염상섭은 한국의 문학적 발전을 위해 자연주의와 사실주의를 선도하면서 김동인, 현진건 등과 함께 한국 현대문학의 창시자로 인정받고 있습니다.
그의 작품에는 《만세전(萬歲前)》 《잊을 수 없는 사람들》 《금반지》 《고독》 등이 있으며, 대표작인 《표본실의 청개구리》는 한국 최초의 자연주의적인 소설로 평가되었습니다.
서울시 문화상, 아시아자유문학상, 3·1문화상 등을 수상하였으며, 대한민국 예술원상과 문화훈장 은관도 받았습니다. 그는 한국문학계의 역사를 쓰고 남긴, 사랑받는 작가입니다.","[('문학', 6), ('한국', 4), ('문화', 3), ('주의', 3), ('자연', 2), ('염상섭', 2), ('작가', 2), ('대표', 2), ('문화상', 2), ('문학계', 2)]","['문학', '한국', '문화', '주의', '자연', '염상섭', '작가', '대표', '문화상', '문학계']"
방학천 문화예술거리,,도봉구 방학동 726-148,37.6621964,127.0397352,문화시설,도봉구,"예리는 도봉구 방학동, 쌍문동, 창동 지역에서 중랑천으로 흘러드는 방학천의 양안을 따라 있는 문화예술거리이다. 예전에는 유흥업소가 많아 동네의 이미지가 좋지 않았지만, 지금은 도시재생사업을 통해 방학천 주변의 환경을 회복하고 문화예술거리로 조성되었다. 작가 및 문화예술인들이 입주하는 공방과 복합문화예술 지원 공간 ''방예리143 아트스퀘어(ART SQUARE)''를 운영하고 있어 다양한 문화예술 활동이 이루어지고 있다. 예술작품이나 벽화, 거리공연 등 다양한 문화예술 프로그램들이 진행되고 있어 방문객들에게 특별한 경험을 선사해준다. 또한, 예리는 중랑천을 따라 있는 산책로와 인근에 위치한 도봉산과도 인접하여 다양한 즐길거리가 있는 곳이다. 주말에는 가족, 연인, 친구들과 함께 방문해 즐길 수 있는 곳이다.","[('예술', 7), ('문화', 6), ('거리', 4), ('예리', 3), ('방학천', 2), ('방문', 2), ('중랑천', 2)]","['예술', '문화', '거리', '예리', '방학천', '방문', '중랑천']"
호안공 이등과 의령옹주 묘역,,도봉구 도봉동 산 85,37.6787654,127.0226279,문화재,도봉구,"이등은 15세기 조선시대의 호안공으로, 개성 출신의 판사수감사 이개의 아들이며 태조의 서장녀인 의령옹주와 결혼하였습니다. 79세에 사망하여 호안이라는 시호를 받았습니다. 의령옹주는 생년은 알 수 없지만 묘의 문구로 그 몰년이 1466년임을 확인할 수 있습니다. 이등은 1435년에 계천군에, 1444년에 봉헌대부에 임명되었으며, 1457년에 별세하였습니다. 그는 슬하에 4남3녀를 두었습니다.

이등과 의령옹주의 묘역은 좌향이 남향인데, 묘는 상계, 중계, 하계로 구분되어 있으며, 계체석이 3단으로 설치되어 있습니다. 이등의 봉분은 장방형의 석재를 사용하여 만든 것으로, 여말선초의 양식을 잘 보여주고 있습니다. 묘표, 상석, 문인석 2기는 상계와 중계에 자리하고 있으며, 묘표는 화관석으로 만들어져 있습니다.

의령옹주의 묘는 계체석이 1단으로 설치되어 있으며, 원형의 봉분과 묘표, 상석, 문인석 2기로 이루어져 있습니다. 묘표는 화관석으로 만들어졌으며, 수법은 섬세하지 않습니다.

이등과 의령옹주의 묘역은 조선시대 왕실 묘로, 조선 초기 옹주묘의 특징을 잘 보여주고 있습니다. 또한 석물의 품격도 높으며, 전체적으로 원형을 유지하고 있습니다.","[('묘', 11), ('옹주', 6), ('의령옹주', 5), ('묘표', 4), ('조선', 3), ('화관', 2), ('상석', 2), ('원형', 2), ('호안', 2), ('중계', 2)]","['묘', '옹주', '의령옹주', '묘표', '조선', '화관', '상석', '원형', '호안', '중계']"
이무영 묘,,도봉구 방학동 산 65-1,37.6667472,127.02183,문화재,도봉구,"이무영은 충북 음성에서 태어나 휘문중학교를 졸업한 후, 18살에 작가가 되려는 열망을 품고 일본으로 떠나 가토 다케오 문하에서 학습했습니다. 귀국 후에는 소학교 교사, 잡지사 기자, 신문기자 등의 생활을 하면서 소설, 시, 희곡 등을 발표했습니다.

하지만 1936년 동아일보가 일장기 말소 사건으로 정간되면서 한때 조선문학지를 주재하게 되었습니다. 이때 이무영은 동반자 작가의 한 사람이었고, 구인회의 멤버 중 한 사람이었습니다.

하지만 1939년 인생과 문학의 일대 전환을 꾀하기 위해 서울을 떠나 농촌인 군포로 이주하게 됩니다. 그는 농업에 종사하며 농민 작가로서 <제1장 제1과>를 발표하여 각광을 받았습니다. 이후 <속 제1장 제1과(흑의 노예)> <농민> 등을 발표하여 농민문학의 선구자로서 농촌 소설을 집필해 나갔습니다.

이무영은 6.25 이후에는 농촌세계가 도시를 제재로 한 시정 소설로 변화되었습니다. 그의 생가는 충북 음성군 음성읍 석인리 오리골에 위치해 있습니다. 이무영은 농촌 작가로서의 업적과 함께 조선문학 발전에 큰 기여를 한 인물로 평가받고 있습니다.","[('작가', 4), ('이무영', 4), ('농촌', 4), ('문학', 4), ('발표', 3), ('소설', 3), ('음성', 3), ('로서', 3), ('농민', 3), ('조선문학', 2)]","['작가', '이무영', '농촌', '문학', '발표', '소설', '음성', '로서', '농민', '조선문학']"
문명의 확산,도봉구 도봉로150길 31,도봉구 방학동 716-1,37.6664804,127.0448997,조형물,도봉구,"이일호 작가의 ""문명의 확산""은 추상적 개념을 표현한 작품으로, 사각기둥의 형상을 가진 유선형 형틀 속에서 서로 어긋나며 변주되어 다양한 개성으로 피어나는 현대문명을 표현합니다. 작품은 무정형으로 확산되면서도 질서를 갖는 모습을 보여주며, 현대문명의 발전과 다양성을 현대적인 소재인 스테인레스스틸을 사용하여 나타냅니다. 또한 작품은 문명과 인간과의 교감을 함축적으로 나타내고 있습니다. 유선형 형틀 안에서 발생하는 변화와 질서를 통해 현대문명의 발전과 함께 다양성을 포용하는 미적 경험을 선사하는 작품입니다. ""문명의 확산""은 대중들에게 현대미술의 창의성과 혁신성을 보여주는 작품 중 하나입니다.","[('문명', 6), ('작품', 5), ('현대', 5), ('명의', 4), ('확산', 3), ('다양성', 2), ('발전', 2), ('형틀', 2), ('질서', 2), ('표현', 2)]","['문명', '작품', '현대', '명의', '확산', '다양성', '발전', '형틀', '질서', '표현']"
이회림 묘,,도봉구 쌍문동 산83-18,37.6540126,127.0317138,문화재,도봉구,"조선 초기 문·무신인 이회림의 묘지입니다. 이회림은 태종 때 원종공신으로 책록되었으며, 세종 때 조선에서 처음으로 3과에 장원(생년과, 진사과, 식년문과)을 하였습니다. 묘는 문종 1년(1451) 처음 조성되었으며 인조 14년(1636) 병자호란에 훼손되어 후손이 재정비하였습니다. 묘의 위치와 배치에 관한 사항은 조선시대 한문 4대가인 월사 이정귀의 월사집에서 확인할 수 있습니다. 묘와 석물들로 보아 조선 초·중기 묘역의 특징을 알 수 있으며, 현재는 도봉구 향토문화재로 지정되어 관리가 잘 되고 있습니다.","[('묘', 5), ('조선', 4), ('월사', 2), ('처음', 2), ('이회', 2)]","['묘', '조선', '월사', '처음', '이회']"
창동역사문화공원,도봉구 도봉로 552,도봉구 창동 303,37.6540005,127.0386044,문화시설,도봉구,"창동역사문화공원은 도봉구 창동에 위치한 공원으로, 청소년들이 이끌고 지역 주민들이 함께 만들어낸 곳입니다. 이 공원은 우리나라의 역사적 교훈을 추모하기 위해 평화의 소녀상과 창동3사자 (가인 김병로, 고하 송진우, 위당 정인보) 동상을 조성하여 놓았습니다.
또한, 공원 내부에서는 다양한 문화 프로그램이 진행되고 있습니다. 예를 들어, 지역 주민들이 함께 참여하여 만드는 전통 과자나 차를 맛볼 수 있는 체험프로그램도 진행되고 있습니다. 또한, 역사 교육 프로그램도 운영되어 이전 시대의 생활 모습을 배울 수 있습니다.
창동역사문화공원은 지역 주민들의 역사적인 인식과 지역사회의 활력을 높이는 역할을 하고 있습니다. 더욱 발전하여 많은 이들이 찾아오고, 지역사회의 중심지가 되길 바랍니다.","[('역사', 7), ('지역', 5), ('공원', 5), ('창동', 4), ('프로그램', 3), ('문화', 3), ('주민', 3), ('진행', 2), ('창동역', 2), ('화공', 2)]","['역사', '지역', '공원', '창동', '프로그램', '문화', '주민', '진행', '창동역', '화공']"
창동리 석조이정표,,도봉구 창동 253,37.6547466,127.0453877,문화재,도봉구,"창동지역은 조선시대 양곡창고가 있었던 지역으로, 이 지역을 창골이라고 불렀습니다. 창동리 석조 이정표는 창동 초등학교 옆 공터에 오랫동안 위치해 있었습니다. 하지만 오랜 세월이 지나서 창동리라고 음각한 흔적은 찾아보기 어렵습니다. 1994년 서울의 600년 기념사업에서는 서울의 명소 267번으로 지정되었던 창동리 석조 이정표는 창동지역의 옛 이름을 기억해주는 이정표로서 그 의미가 큽니다. 이제 이정표는 도봉구 향토문화재로 지정되어 보존됩니다.","[('창동', 6), ('지역', 4), ('이정표', 4), ('지정', 2), ('서울', 2), ('석조', 2)]","['창동', '지역', '이정표', '지정', '서울', '석조']"
계수석 연월암삼폭 와폭 바위글씨군,도봉구 방학로 278-33,도봉구 방학동 산 69-1,37.6637956,127.0204361,문화재,도봉구,"천주교 공원 묘지는 작은 계곡물이 흐르고 있는 아름다운 자연환경 속에 위치하고 있습니다. ‘Y’자형으로 구성된 이 묘지에서는 오른편 계곡엔 계수석, 연월암삼폭, 와폭이라는 바위글씨들이 새겨져 있습니다. 연월암삼폭은 달맞이 바위 아래 3층 폭포를 뜻하며, 와폭은 비스듬히 떨어지는 폭포를 나타내고, 계수석은 계곡의 물과 바위를 의미합니다. 다만 계자는 반이 떨어져 나갔다고 합니다. 이곳은 천주교 신자들의 묘역으로도 사용되고 있습니다. 천주교인들에게는 이곳이 세상을 떠난 자들의 안식처일 뿐 아니라, 생전에 가졌던 신앙과 믿음을 기리는 곳이기도 합니다. 이곳에서는 조용한 분위기 속에서 쉴 수 있으며, 자연환경에서 마음을 정화할 수 있는 아름다운 공간입니다.","[('바위', 3), ('천주교', 3), ('계곡', 3), ('연월', 2), ('수석', 2), ('폭포', 2), ('묘지', 2), ('자연환경', 2)]","['바위', '천주교', '계곡', '연월', '수석', '폭포', '묘지', '자연환경']"
충정공 목서흠 묘역,도봉구 방학로 252-18,도봉구 방학동 산 62,37.6621308,127.0246017,문화재,도봉구,"충정공 목서흠 묘역은 대한민국 서울특별시 서대문구 홍은동에 위치한 조선시대의 고분으로, 조선의 고관 충정공 목서흠과 그의 가족들이 안장된 곳입니다. 이 묘역은 조선시대 말인 19세기에 건립되었으며, 대한민국에서는 1963년부터 사적 제33호로 지정되어 보호되고 있습니다.

충정공 목서흠은 조선시대 고관 중에서도 훌륭한 문신으로, 성균관 이순신과 함께 신진사대부의 일원으로 활약하였습니다. 그는 군사적인 능력 뿐만 아니라 문화적인 면에서도 뛰어나, 음악, 회화, 문학 등 다양한 분야에서 활약하였습니다. 이러한 충정공 목서흠 일가는 대한민국 역사에 큰 업적을 남긴 중요한 인물로 평가받고 있습니다.

이 묘역은 전체적으로 깔끔하고 조화로운 디자인으로 구성되어 있으며, 목서흠과 그의 가족들의 안장지인 중앙에 위치한 대종회당과, 이외에도 부속묘인 남쪽, 동쪽, 서쪽으로 나뉘어져 있습니다. 대종회당은 높은 담벼락과 단층처마, 목조건물 등으로 이루어져 있으며, 대종회당 내부에는 충정공 목서흠 일가의 영묘가 자리하고 있습니다.

충정공 목서흠 묘역은 조선시대 고관 문화의 유산을 보존하고 있는 소중한 문화재입니다. 이곳을 방문하면 조선시대 고관의 역사와 문화를 느낄 수 있을 뿐만 아니라, 그들이 남긴 문화재의 아름다움과 매력을 느낄 수 있습니다. 또한, 이곳에서는 대한민국의 역사와 문화를 이해하는 데도 큰 도움이 됩니다.","[('목서흠', 7), ('충정', 6), ('문화', 6), ('조선', 6), ('묘', 6), ('조선시대', 5), ('고관', 4), ('대한민국', 4), ('묘역', 4), ('회당', 3)]","['목서흠', '충정', '문화', '조선', '묘', '조선시대', '고관', '대한민국', '묘역', '회당']"
학마을도서관,도봉구 시루봉로 128,도봉구 방학동 446-5,37.6621078,127.0278197,문화시설,도봉구,"학마을도서관은 지역 주민들에게 문화와 정보를 제공하기 위해 2009년에 개관되어, 이제는 72,000권의 장서와 연간 183,000명 이상의 이용객이 있는 곳입니다. 건물 규모는 지하1층, 지상3층, 지상4층, 지상5층으로 구성되어 있으며, 유아 및 어린이 자료실, 종합 자료실, 디지털커먼스, 자유 열람실 등 다양한 시설을 제공하고 있습니다.
학마을도서관은 고품격의 독서문화와 예술, 다양한 프로그램, 지역주민들의 재능 기부, 그리고 지역 유관 기관들과의 협력을 통해 상생하며 지역사회 발전에 기여하고 있습니다. 인근에는 김수영문학관, 연산군묘, 정의공주묘 등 다양한 역사와 문화를 체험해볼 수 있는 곳들이 있어, 지역 사회의 역사와 문화를 탐색하는 데 좋은 장소입니다.","[('지역', 5), ('문화', 4), ('역사', 3), ('상층', 3), ('자료', 2), ('마을', 2), ('제공', 2), ('묘', 2), ('도서관', 2), ('주민', 2)]","['지역', '문화', '역사', '상층', '자료', '마을', '제공', '묘', '도서관', '주민']"
방학동 바둑판 돌,도봉구 시루봉로 145,도봉구 방학동 436-3,37.6638153,127.0278235,문화재,도봉구,"한국의 전통문화 중 하나인 바둑의 모습이 새겨진 특별한 돌이 있습니다. 이 돌은 화강암으로 만들어졌으며, 마름모꼴의 모양을 가지고 있습니다. 윗면에는 19줄의 바둑판이 조각되어 있으며, 양쪽에는 바둑돌을 넣을 수 있는 원형 홈도 파여 있습니다. 이 바둑판 돌 앞에는 석조 한 조각이 있습니다. 복련이라는 뜻을 가진 복련문양이 장식되어 있으며, 원형의 모양을 가지고 있습니다. 이 돌은 바둑이라는 게임을 통해 우리 역사와 문화를 되새기는 기회를 제공하고 있습니다.
","[('바둑', 5), ('복련', 2), ('조각', 2), ('원형', 2), ('문화', 2), ('바둑판', 2), ('모양', 2)]","['바둑', '복련', '조각', '원형', '문화', '바둑판', '모양']"
한치례 묘,,도봉구 방학동 산64,37.6656763,127.0223122,문화재,도봉구,"한치례는 조선시대 중기의 학자이며, 15세기 말에 성장한 인물입니다. 그의 생몰연대는 1441년(세종 23)에서 1499년(연산군 5)으로, 본관은 충청북도 청주이고, 자는 자절이며 아버지는 한확입니다.

한치례는 무과에 급제하여 왕실에 들어가, 성종이 즉위하자 왕의 외숙으로 중용되었습니다. 그 이후로는 이·호·병·공조 등의 판서를 맡으며, 서울의 서릉군에 봉해졌습니다. 또한, 명나라 황실과의 긴밀한 관계를 맺어 명나라로부터 ''한씨''라 불리게 되었습니다.

한치례는 문인으로서도 활약했습니다. 그의 저작으로는 ""한치례집(韓致禮集)"", ""한치례공문(韓致禮公問)"" 등이 있으며, 그의 문학적 업적은 조선 후기 문학사의 발전에 큰 역할을 했습니다.

또한, 한치례는 철학, 역사, 지리 등에도 능통하였으며, 그의 인격과 학문적 업적은 조선시대 뿐 아니라, 한국의 학문 발전에도 큰 영향을 미쳤습니다.

한치례의 묘는 단분합장으로, 비신 전면에는 ""영돈녕부사 서릉부원군, 군이 대신하여 부여한 호칭 ''장강군''에 공이 되신 한씨의 묘""라는 내용이 새겨져 있습니다. 후면에는 ""정경부인 안씨 묘비""라는 내용과 함께 음기가 기록되어 있습니다. 이 묘는 그가 졸한 후 세운 것으로 추정되며, 그의 업적을 기리기 위해 소중히 관리되고 있습니다.","[('한치례', 7), ('한치', 7), ('묘', 4), ('업적', 3), ('조선', 3), ('명나라', 2), ('학문', 2), ('한씨', 2), ('문학', 2), ('발전', 2)]","['한치례', '한치', '묘', '업적', '조선', '명나라', '학문', '한씨', '문학', '발전']"
함석헌 기념관,도봉구 도봉로123길 33-6,도봉구 쌍문동 81-78,37.6529214,127.0347856,문화시설,도봉구,"함석헌 선생님은 우리나라에서 인권 운동의 중요한 인물 중 하나입니다. 그는 <씨알의 소리>를 창간하여 인권 문제에 대한 대중의 관심을 높이는 데 큰 역할을 했습니다. 또한 시인, 교육자, 사상가, 언론인, 역사가로서 다양한 분야에서 활동하면서 우리 사회의 발전에 기여했습니다. 함석헌 선생을 기념하기 위해 함석헌기념관이 건립되었습니다. 이 기념관은 그의 생애와 업적을 소개하고, 인권과 민주주의의 가치를 확산하기 위한 교육과 문화 활동을 전개하고 있습니다.","[('인권', 3), ('함석헌', 3), ('기념', 3), ('활동', 2), ('교육', 2), ('기념관', 2), ('선생', 2)]","['인권', '함석헌', '기념', '활동', '교육', '기념관', '선생']"
헬로애니멀,도봉구 마들로 650,도봉구 방학동 720-33,37.6679862,127.0470453,관광지,도봉구,"헬로애니멀은 작고 귀여운 파충류와 조류 등 50여 종의 동물들이 있는 서울 도봉구 방학역 중랑천변의 실내 동물원입니다. 전문 사육사들이 함께 있어 동물들에 대한 설명과 함께 가까이서 만질 수 있으며, 직접 먹이를 주며 관찰할 수 있습니다. 빌딩 지하에 주차공간도 있고, 주말에는 도봉구청 주차장도 이용할 수 있어서 차로 오는 분들도 편리하게 방문할 수 있습니다. 어린이와 함께 오는 이용객이 많지만, 이색 데이트로 오는 젊은 층도 늘어나고 있습니다. 또한, 인근에는 중랑천 산책로가 있어서 함께 나들이하기에 좋은 장소입니다. 헬로애니멀은 작은 동물들과의 소규모 체험을 원하는 분들에게 추천합니다.","[('동물', 4), ('애니멀', 2), ('도봉구', 2), ('이용', 2), ('헬로', 2), ('중랑천', 2), ('도봉', 2)]","['동물', '애니멀', '도봉구', '이용', '헬로', '중랑천', '도봉']"
회산군 이염 묘,,도봉구 방학동 산85-1,37.6580007,127.0201665,문화재,도봉구,"회산군 이염 묘는 경상북도 영덕군 영덕읍에 위치한 조선시대의 역사적인 유적지입니다. 묘역의 가장 상단에는 회산군 이염의 묘가 있으며, 그 아래에는 장락원정 수립, 돈녕부교위 무립, 서창수 용, 의성군 강의 묘가 차례로 위치해 있습니다. 전체 좌향은 동남향입니다.

회산군 이염은 성종 12년(1481년)에서 중종 7년(1512년) 사이에 태어나고 사망한 인물입니다. 그의 호는 보익당이며, 시호는 정간입니다. 어머니는 숙의 남양홍씨이고, 부인은 죽산 안씨 방언의 딸인 영원부원군부인으로 딸 한 명을 두었습니다. 아들이 없어서 후사는 견성군의 아들 계산군 수계가 이어졌습니다.

회산군 이염은 연산군 6년(1500년) 형 안양군과 아우 봉안군과 함께 연산군에 직간하다가 다른 두 형제는 죽고, 회산군만 궐문 밖으로 방면되었습니다. 1506년(중종 1년)에는 아우인 영산군과 함께 반정을 계획했지만, 중종이 즉위하자 사면되었습니다. 그러나 회산군은 국정에는 간섭하지 않았습니다.

중종 7년(1512년) 4월 5일에는 회산군 이염이 앓아서 내의를 보내서 치료를 받았다는 기록이 남아 있습니다. 회산군 묘표 뒤에는 정덕 7년(1512년)이 나오며, 이는 회산군이 졸한 해임을 나타냅니다. 회산군 이염 묘는 조선시대 역사와 문화를 이해하는 데 중요한 자료가 됩니다.","[('회산군', 10), ('이염', 6), ('묘', 6), ('년년', 5), ('중종', 4), ('연산군', 2), ('아들', 2), ('부인', 2), ('위치', 2), ('역사', 2)]","['회산군', '이염', '묘', '년년', '중종', '연산군', '아들', '부인', '위치', '역사']"
광륜사,도봉구 도봉산길 86-1,도봉구 도봉1동 401,37.68772,127.0354697,관광지,도봉구,"광륜사는 서울 도봉산에 위치한 대한불교조계종의 사찰로, 신라시대에 의상조사가 만장사로 창건한 것으로 알려져 있습니다. 그러나 조선시대 중기에는 폐사되었고, 조대비 신정왕후가 부친의 명복을 비는 의미에서 만장사를 새롭게 짓고 자신의 별장으로 사용했습니다.

그 후 금득보살에 의해 대대적으로 중창되었고, 2002년 대공덕주 상정 거사님과 명정월 보살님, 청화대종사의 원통불법 극락도량인 무주당 청화대종사 등이 함께하여 사찰 이름을 광륜사로 바꾸고 새롭게 개원하였습니다. 현재는 아미타기도와 천도재, 청화대종사의 육성법문, 청화불교대학 등 다양한 프로그램을 운영하여 염불과 수행정신으로 도심포교를 이끌어가고 있습니다.","[('청화', 4), ('대종사', 3), ('사찰', 2), ('광륜', 2), ('보살', 2), ('장사', 2), ('불교', 2)]","['청화', '대종사', '사찰', '광륜', '보살', '장사', '불교']"
만월암,도봉구 도봉산길 92-4,도봉구 도봉동 산 31,37.6968262,127.0176249,관광지,도봉구,"만월암은 대한불교 조계종 직할교구본사인 조계사의 말사입니다. 만월암은 신라 시대 문무왕 때 의상(義湘) 스님이 창건했으며, 이후 여러 차례 중건 및 중수되어 현재는 1940년 여여거사 서광전이 중건한 모습을 갖추고 있습니다.

만월암은 수선도량으로 유명하며, 승려들의 참선 수행지로도 자주 이용됩니다. 법당에는 약사여래좌상을 비롯하여 관세음보살과 지장보살의 좌상이 놓여 있으며, 후불탱화도 볼 수 있습니다. 또한 만월암 뒷편에는 석굴이 있어, 엽전과 도검, 방패, 화살촉 등이 출토되기도 했습니다.

만월암은 매우 오래된 역사를 가진 곳으로, 불교 문화유산으로서 중요한 역할을 하고 있습니다.","[('만월', 5), ('좌상', 2), ('중건', 2), ('불교', 2)]","['만월', '좌상', '중건', '불교']"
내를건너서숲으로 도서관,은평구 증산로17길 50,은평구 신사동 산 80-66,37.5925305,126.9075307,문화시설,은평구,"""내를건너서숲으로"" 도서관은 2018년 6월 21일 개관한 도서관으로, 대지 면적은 1,200㎡이고 지하 1층과 지상 2층으로 구성되어 있습니다. 도서관 내부에는 좌석수 170석의 자료실이 있으며, 별도의 열람실은 없습니다.

도서관 이름의 ''내를건너서숲으로''는 도시 속에서 자연과의 조화를 추구하며, 책을 읽는 독서 공간에서 자연의 소리와 풍경을 즐길 수 있도록 하기 위한 의미가 담겨 있습니다. 도서관 내부는 나무를 활용한 자연 친화적인 인테리어로 꾸며져 있으며, 실내에는 식물들이 배치되어 있습니다.

매주 월요일은 휴관일이며, 그 외의 요일에는 평일은 오전 9시부터 오후 9시까지, 주말과 공휴일은 오전 9시부터 오후 6시까지 운영됩니다. 도서관에서는 다양한 종류의 책뿐만 아니라 오디오북, CD, DVD 등 다양한 매체의 정보자료를 제공하고 있으며, 도서 대출, 연장, 예약 등도 가능합니다. 또한, 컴퓨터 및 인터넷 서비스, 스터디룸 등도 제공하고 있어 학생들이나 일반인들의 학습 및 연구에도 적극적으로 활용되고 있습니다.","[('도서', 7), ('도서관', 6), ('자연', 3), ('자료', 2), ('요일', 2), ('오후', 2), ('숲', 2), ('오전', 2), ('활용', 2), ('내부', 2)]","['도서', '도서관', '자연', '자료', '요일', '오후', '숲', '오전', '활용', '내부']"
구립구산동도서관마을,은평구 연서로13길 29-23,은평구 구산동 17-37,37.6097019,126.9129562,문화시설,은평구,"구립구산동도서관마을은 2015년 11월 13일에 개관된 공공도서관입니다. 자료실에는 350석의 좌석이 있으며, 별도의 열람실은 없습니다.

도서관 건물은 대지 면적이 1,572제곱미터이며, 연면적은 2,550제곱미터입니다. 시설은 현대적이고 깨끗하며, 이용자들이 편리하게 이용할 수 있도록 설계되어 있습니다.

구산동도서관마을은 매주 월요일을 휴관일로 정하고 있습니다. 이외의 날은 평일과 주말 모두 이용이 가능하니, 시간이 허락되는 경우 언제든지 방문하여 자료를 찾아보거나 공부할 수 있습니다.","[('도서관', 4), ('이용', 3), ('자료', 2), ('마을', 2), ('면적', 2), ('구산동', 2), ('제곱미터', 2)]","['도서관', '이용', '자료', '마을', '면적', '구산동', '제곱미터']"
금성당,,은평구 진관동 175-836,37.6350781,126.9254256,문화재,은평구,"금성당은 조선시대 세종대왕의 여섯째 아들인 금성대군의 비극적인 죽음을 기리고자 세워진 당집입니다. 당시 수양대군이 왕위를 빼앗겨 단종의 복위를 도모하다가 발생한 사건으로, 이에 대한 위안을 위해 금성대군의 영혼을 위로하기 위해 건립되었습니다.
해당 건축물은 1880년대 초반 이전에 건립된 것으로 추정되며, 조선후기의 전통적인 당집 양식을 따릅니다. 이는 서울과 경기 지역에서 민간 무속신앙의 한 면을 볼 수 있는 민속문화재로, 무신도와 각종 무구류 등이 잘 보존되어 있어 그 희귀성과 건축사적 중요성이 높습니다.
또한, 금성당은 조선 시대 무장들이 찾는 신앙과 무예를 겸비한 무속적인 문화를 보여주는 곳으로도 알려져 있습니다. 이는 당시 무장들이 군사 기술을 배우는 곳으로 무예와 기본적인 무기 사용법, 신앙과 관련된 무속사상 등을 배울 수 있었기 때문입니다.
이러한 이유로, 금성당은 국내에서 높은 문화재적 가치를 지니고 있으며, 한국의 문화와 역사를 이해하는 데 중요한 자료가 되고 있습니다.","[('금성', 5), ('문화', 4), ('신앙', 3), ('대군', 3), ('무속', 3), ('조선', 3), ('금성대군', 2), ('무예', 2), ('무장', 2), ('당집', 2)]","['금성', '문화', '신앙', '대군', '무속', '조선', '금성대군', '무예', '무장', '당집']"
금암기적비,은평구 진관3로 15-59,은평구 진관동 45-5,37.6442514,126.9182216,문화재,은평구,"금암기적비는 조선왕조 제22대 임금인 정조가 명릉을 참배하고 돌아오는 길에 할아버지인 영조의 옛일을 회상하면서 친히 글을 짓고 세운 것입니다. 비문은 ""영조가 부왕인 숙종의 탄신일을 맞아 명릉을 참배하고 돌아오는 길에 금암 덕수천에 이르러 밤이 깊고 불도 없어 참사에서 머루르게 되었다. 그 때 이곳의 참장(站將)이 소도둑을 잡았다가 흉년으로 인한 도둑의 딱한 이야기를 듣고 그를 타일러 보낸 일을 목격하고 왕위에 오른 뒤에도 이를 거울 삼아 훌륭한 정치를 행하였다는 내용입니다."" 당시 금암은 의주(義州)로 가는 역참(驛站)으로 사용하였던 곳이며, 현재 참사(站舍)는 없고 비만 남아 있습니다.","[('금암', 3), ('도둑', 2), ('명릉', 2), ('참배', 2), ('참사', 2), ('영조', 2)]","['금암', '도둑', '명릉', '참배', '참사', '영조']"
윌리엄해밀턴쇼 동상,은평구 응암로 376,은평구 녹번동 153-16,37.6044835,126.9232067,관광지,은평구,"미 해군 대위인 윌리엄 해밀턴 쇼는 우리나라의 해군 및 해병대 창설에 크게 공헌하였습니다. 그는 한국을 사랑하고, 조국의 자유와 평화를 위해 미 해군으로 자원입대하여 1950년 9월 22일 은평구 녹번리 전투에서 29세의 나이에 전사했습니다. 윌리엄 해밀턴 쇼는 6.25 전쟁 발발 당시 하버드대학교에서 박사 과정을 공부하고 있었지만, 자신이 태어나고 자란 제 2의 조국인 대한민국을 위해 희생하였습니다.
윌리엄 해밀턴 쇼 전사기념비는 그의 숭고한 사랑과 희생을 추모하기 위하여 건립되었습니다. 2010년 현재 위치로 이전되기 전, 비높이 1.57m의 이 기념비는 녹번동에 세워졌습니다.
건립자는 윌리엄 해밀턴 쇼 전사기념비 건립위원회입니다. ","[('윌리엄', 4), ('해밀턴', 4), ('해군', 3), ('전사', 3), ('건립', 3), ('기념비', 3), ('녹번', 2), ('조국', 2), ('희생', 2), ('사랑', 2)]","['윌리엄', '해밀턴', '해군', '전사', '건립', '기념비', '녹번', '조국', '희생', '사랑']"
봉산 편백나무 치유의 숲,,은평구 신사동 산 93-8,37.5955775,126.9021515,관광지,은평구,"봉산 편백나무 치유의 숲은 서울시 은평구에 위치한 숲으로, 시민들과 함께 조성된 최초의 시범사업 중 하나입니다. 이 숲은 남부 지방에서 자라는 편백나무를 도입하여 조성되었으며, 숲 속에서 나오는 피톤치드는 스트레스를 해소하고, 장과 심폐기능을 강화하며, 살균 작용도 있다고 알려져 있습니다. 중요한 것은, 편백나무의 피톤치드가 다른 나무에 비해 양도 많고 효과적이라는 것입니다.

봉산 편백나무 치유의 숲은 면적이 7헥타르이며, 2014년부터 2018년까지의 기간 동안 조성되었습니다. 이 숲은 봉산 숭실고 주변에 위치하고 있으며, 12,400그루의 편백나무가 심어졌습니다. 이 숲은 건강한 숲을 만들기 위해 시민들과 함께 가꾸어 나가고 있습니다. 이곳은 시끄러운 도시에서 벗어나 조용하고 평화로운 자연 속에서 편안한 산책을 즐길 수 있는 곳으로, 현재는 많은 사람들에게 사랑받고 있습니다.","[('숲', 8), ('나무', 6), ('편백나무', 5), ('조성', 3), ('봉산', 3), ('시민', 2), ('피톤', 2), ('치유', 2), ('피톤치드', 2), ('위치', 2)]","['숲', '나무', '편백나무', '조성', '봉산', '시민', '피톤', '치유', '피톤치드', '위치']"
북한산둘레캠핑장,은평구 연서로 608-2,은평구 진관동 335-2,37.6478663,126.9388633,레포츠,은평구,"북한산 글램핑은 서울시 은평구에 위치해 있어요. 둘레길 10구간에 위치하고 있어서 자연 친화적인 분위기가 느껴져요. 서울 최초의 글램핑 캠핑장으로 특별한 매력이 있어요.

이곳에는 다양한 수목들이 자연 그늘을 만들어주어 시원한 여름철에도 쾌적한 캠핑 환경을 제공해요. 글램핑 18면이 마련되어 있어서 다양한 선택지를 제공해요.

북한산 글램핑에서는 자연 속에서 캠핑을 즐기면서도 호텔급의 편안한 시설을 제공하기 때문에, 힐링하고 싶은 분들이나 가족 단위의 여행객들에게 추천해요. 북한산 글램핑에서 멋진 추억을 만들어보세요!","[('글램핑', 5), ('자연', 3), ('북한', 3), ('산', 3), ('제공', 3), ('캠핑', 3), ('서울', 2), ('위치', 2)]","['글램핑', '자연', '북한', '산', '제공', '캠핑', '서울', '위치']"
용암사,은평구 대서문길 126,은평구 진관동 산 25,37.6520349,126.9528245,관광지,은평구,"북한지에 따르면, 용암사는 북한산 성곽이 축성된 후 의상봉 아래에 세워졌으며, 크기는 87칸이라고 전해졌습니다. 현재는 북한산 산장 옆에 그 터와 탑재만 남아있습니다. 이 사찰이 북한지에 실려있다는 것은 북한산성을 운영하고 관리하는 승영사찰이었음을 의미합니다.
현재 용암사는 노적사에 머물던 정천(丁天) 스님이 서원하여 1969년 현재 위치에 탄허대종사를 모시고 대웅전을 상량하였습니다. 대웅전은 5칸 3마당의 크기를 가지고 있으며, 중앙에 위치한 대웅전 앞에는 대청마루가 있습니다. 대청마루는 명주 8마리와 새끼 2마리가 그려져 있습니다. 또한 이곳에는 동서로 2칸씩 연결되는 본존상 주위에 4명의 보살이 그려져 있습니다.
용암사 주변에는 용바위와 거북바위가 있습니다. 용바위는 용이 나온 것처럼 보이는 큰 바위이며, 거북바위는 거북 모양의 작은 바위입니다. 대웅전 뒤에는 북한산의 백운대와 의상봉이 자리하고 있습니다. 백운대는 북한산에서 가장 높은 산중 하나이며, 의상봉은 용암사와 대웅전 사이에 위치한 작은 봉우리입니다.
이러한 용암사와 그 주변은 북한산 국립공원 내에 위치하고 있으며, 아름다운 자연 경관과 함께 역사적으로도 중요한 유산이라고 할 수 있습니다.","[('산', 9), ('북한', 8), ('바위', 6), ('용암사', 5), ('대웅전', 5), ('위치', 4), ('의상', 3), ('현재', 3), ('거북', 3), ('사찰', 2)]","['산', '북한', '바위', '용암사', '대웅전', '위치', '의상', '현재', '거북', '사찰']"
불광동성당,은평구 통일로 786,은평구 불광동 286-53,37.614899,126.9264353,문화재,은평구,"불광동성당은 1986년에 지어진 철근콘크리트조 종교 건축물로, 한국의 100대 건축물 중 하나입니다. 건축가 김수근의 3대 종교 건축물 중 하나로 손꼽혀, 건축의 아름다움과 종교 건축의 조형미를 동시에 추구한 건축물로써, 한국의 근현대 건축문화사를 대표하는 건물 중 하나입니다. 1985년에 설계되어 1985년에 준공하였으며, 1997년에 증축하였고, 2010년에는 부분 철거 및 증축을 거쳐 건축 원형은 보존하고 인테리어를 현대식으로 변경하였습니다. 불광동성당은 김수근이 작고하기 1년 전인 1985년에 설계한 건물입니다. 경남 마산의 양덕성당, 장충동 경동교회와 함께 김수근의 3대 종교 건축물로 꼽히는 붉은 벽돌 건물입니다.","[('건축', 10), ('건축물', 5), ('종교', 4), ('김수근', 3), ('건물', 3), ('성당', 3), ('설계', 2), ('한국', 2), ('현대', 2), ('불광동', 2)]","['건축', '건축물', '종교', '김수근', '건물', '성당', '설계', '한국', '현대', '불광동']"
산새마을,은평구 가좌로11나길,,37.5962326,126.9056742,문화재,은평구,"산새마을은 자연 친화적인 마을로, 인접한 봉산에서 새소리를 들을 수 있다는 멋진 이미지를 갖고 있어요. 이곳은 주민 제안으로 2012년부터 ""산새마을 학교""를 운영해오면서 도시재생의 선진 모델로 선정되었습니다. 두꺼비 하우징 시범사업을 시작으로 마을공동체가 형성되어, 산새마을 경관사업과 주민참여형 재생사업으로 구역이 지정됐어요. 현재는 마을회관을 거점으로 산새마을 주민공동체 운영회가 활발히 활동하고 있답니다.","[('마을', 7), ('산새', 4), ('주민', 3), ('사업', 3), ('공동체', 2), ('재생', 2), ('운영', 2)]","['마을', '산새', '주민', '사업', '공동체', '재생', '운영']"
북한산 족두리봉,은평구 진흥로 325,은평구 불광동 산 42-1,37.6124215,126.9440405,관광지,은평구,"서울의 진산인 북한산은 은평구, 성북구, 강북구, 도봉구, 그리고 경기도 의정부시, 양주시, 고양시에 걸쳐 있습니다. 백운대와 동쪽의 인수봉, 남쪽의 만경대가 뻗어나온 화려한 산등성이는 일 년 내내 등산객들의 발길을 끌어모읍니다. 족두리봉은 북한산의 가장 남서쪽에 솟은 높이 370m의 봉우리입니다. 멀리서 보면 족두리 모양이 족두리를 쓴 것처럼 보이기 때문에 붙은 이름입니다. 한편으로는 독수리의 머리처럼 보인다고 하여 수리봉, 인수봉을 그대로 옮겨놓은 듯하여 ‘작은 인수봉’으로도 불립니다. 불광역에서 출발하면 약 50분 정도면 족두리봉에 도착할 수 있습니다. 시간은 짧지만, 난이도는 조금 높습니다. 급경사의 계단은 물론 위험한 바위 구간이 있어 주의가 필요합니다.","[('산', 5), ('족두리', 4), ('인수', 3), ('북한', 2)]","['산', '족두리', '인수', '북한']"
서울혁신파크,은평구 통일로 684,은평구 녹번동 5,37.6084167,126.9337532,문화시설,은평구,"서울혁신파크는 사회 문제 해결에 관심을 가지고 활동하는 사회혁신가들이 모여 소통과 협력을 통해 문제를 해결할 수 있는 국내 최초의 사회혁신 플랫폼입니다. 2015년 개원한 서울혁신파크는 1,000명의 시민 혁신가를 모집하였으며, 2021년 현재 250여 개의 혁신 그룹과 1,300여 명의 혁신가가 활동하고 있습니다.
서울혁신파크는 다양한 혁신 활동이 이루어지는 다목적 공간인 공유동, 시민 대상의 대중문화 공동 작업장인 극장동, 서울시 식생활 종합지원센터에서 운영하는 식문화인 맛동, 전문 장비와 전문가가 상주하는 목공 작업장인 목공동, 서울시 지원조직 및 혁신가 입주공간인 미래청, 혁신가 입주 및 다목적 실험공간인 상상청, 시정 및 시민 기록을 수집하고 기록의 가치를 공유하는 공간인 서울기록원, 50+세대의 인생 재설계 지원공간인 서울시50플러스서부캠퍼스, 다양한 혁신 활동이 이루어지는 야외공간, 시민과 혁신가의 만남 공간인 연결공, 혁신가들의 실험과 휴식이 있는 소셜 커뮤니티 호스텔인 연수동, 예술실험공간인 예술동, 버려진 자원의 재사용을 모색하는 활동 공간인 재생동, 지식과 기술을 공유하며 일상을 유쾌하게 만드는 사람들의 공간인 제작동, 서울시 지원조직 및 시민 편의공간인 참여동, 청년들이 다양한 실험과 시도를 통해 경험을 축적하는 공간인 청년청, 서울혁신파크 홍보 및 안내 공간인 홍보관으로 구성되어 있습니다.
서울혁신파크는 지하철 3호선 불광역 2번 출구 서울특별시 공동체종합지원센터에 위치해 있습니다.","[('혁신', 16), ('공간', 13), ('서울', 11), ('시민', 5), ('파크', 5), ('지원', 5), ('활동', 5), ('서울시', 4), ('실험', 4), ('공동', 3)]","['혁신', '공간', '서울', '시민', '파크', '지원', '활동', '서울시', '실험', '공동']"
수색역,은평구 수색로 261-1,은평구 수색동 81,37.5802897,126.8959692,관광지,은평구,"수색역은 디지털미디어시티역과 화전역 사이에 있으며, 1908년 4월 1일에 보통역으로 영업을 시작했습니다. 지명 ''수색''은 일명 물치 또는 무르치라는 옛 이름에서 유래한 것입니다. 무르치는 수색역 앞에서 서쪽으로 뻗어있는 넓은 들 건너편에 위치한 마을 이름으로, 이 마을은 장마철만 되면 물이 차올라 마을과 벌판 등이 온통 물 일색으로 변해버린다고 해서 무르치가 된 것입니다. 이를 한자로 표기하여 수색(水色)이 되었습니다. 역사가는 1958년 8월 19일에 준공되었으며, 2005년 3월에 임시역사로 이전되면서 기존 역사는 철거되었습니다. 2006년에는 새 역사가 완공되어, 2009년 7월 1일에는 수도권 전철 경의선이 개통되었습니다.","[('수색', 4), ('역사', 4), ('무르치', 3), ('마을', 3), ('수색역', 2), ('이름', 2)]","['수색', '역사', '무르치', '마을', '수색역', '이름']"
숙용심씨묘표,,은평구 진관동 126,37.642067,126.9405276,문화재,은평구,"숙용 심씨 묘표는 조선시대 왕실의 소중한 유물 중 하나입니다. 이 묘표는 숙용 심씨 묘에서 발견되었으며, 그녀는 조선 제9대 임금 성종의 후궁으로서 가장 영향력이 큰 인물 중 하나였습니다. 성종과의 사이에는 3명의 아들이 있었으며, 이들 중 하나가 나중에 조선 제11대 임금인 인조였습니다.
숙용 심씨 묘표는 조선 왕실의 역사와 문화를 이해하는 데 매우 중요한 자료입니다. 이 유물은 약 400년간 일본에 있었다가 2001년 국내로 반환되었습니다. 이러한 사실은 우리나라와 일본의 역사적 관계와 문화 유산의 중요성에 대해 다시금 생각해 볼 수 있게 해줍니다.
또한, 이 유물의 비 머릿돌은 매우 뛰어난 조각 기술과 예술성을 지니고 있습니다. 수룡을 구름무늬 속에 표현한 것으로, 섬세하고 뚜렷한 조각 기술로 만들어졌습니다. 이러한 비 머릿돌은 조선시대의 예술과 조각 기술을 이해하는 데도 큰 역할을 합니다.
따라서, 숙용 심씨 묘표는 우리나라 역사와 문화를 이해하는 데 있어서 중요한 유물 중 하나입니다. 이 유물은 우리나라의 역사와 문화를 이해하고 전 세계에 알리는 데 큰 역할을 할 것입니다. ","[('유물', 5), ('조선', 5), ('묘', 5), ('이해', 4), ('묘표', 4), ('문화', 4), ('심씨', 4), ('역사', 4), ('숙용', 4), ('조각', 3)]","['유물', '조선', '묘', '이해', '묘표', '문화', '심씨', '역사', '숙용', '조각']"
서울기록원,은평구 통일로62길 7,은평구 녹번동 산 1-61,37.6069471,126.9348467,문화시설,은평구,"안녕하세요!
서울기록원은 서울특별시 시정 기록과 서울 시민의 기억과 기록을 전문적으로 보존하고 관리하며, 대시민 기록정보서비스를 제공하는 공공 아카이브입니다. 우리는 기록의 이관, 수집, 보존 및 복원, 관리 교육, 전시 및 강연, 세미나, 워크숍 등 다양한 프로그램을 운영하고 있습니다. 또한, 견학 프로그램도 운영하고 있으며, 서울기록원과 일정, 방문 인원, 프로그램 등을 사전에 협의하여 예약제로 운영됩니다.
감사합니다!","[('기록', 6), ('서울', 4), ('프로그램', 3), ('운영', 3), ('시민', 2), ('관리', 2), ('보존', 2)]","['기록', '서울', '프로그램', '운영', '시민', '관리', '보존']"
불광대장간,은평구 통일로69길 15,은평구 대조동 80-7,37.6111673,126.9270734,문화재,은평구,"안녕하세요! 1963년 개업한 불광대장간입니다. 우리 대장간은 옛 방식으로 공구를 제작하며, 농기구, 건축도구, 생활도구 등을 주요 취급 품목으로 하고 있어요. 창업주 박경원씨는 1950년 한국전쟁 중 피난생활에 굶주린 배를 달래기 위해 대장간에서 허드렛일을 돕기 시작했답니다. 1953년부터는 리어카에 화덕을 만들어 이동식 대장간 형태로 영업을 시작했죠. 1963년 불광초등학교 건너편 개천 옆에 불광대장간을 드디어 개업했고, 1973년 도로 개설로 인해 대조동으로 이전했습니다. 그리고 1978년에는 국수집이었던 옆 점포도 임대해서 점포를 확장했습니다. 1970년대 건설경기가 좋았던 때는 건설용 공구가 불티나게 팔렸는데 밤샘 작업을 하며 주문 물량을 만들어내기에 바쁜 때였습니다. 그때가 불광대장간의 전성기였습니다!","[('대장간', 6), ('불광', 4), ('건설', 2), ('공구', 2), ('개업', 2), ('시작', 2), ('점포', 2), ('생활', 2), ('도구', 2)]","['대장간', '불광', '건설', '공구', '개업', '시작', '점포', '생활', '도구']"
사비나미술관,은평구 진관1로 93,은평구 진관동 162-4,37.6300257,126.9293457,문화시설,은평구,"안녕하세요! 1996년 3월 개관한 사비나미술관은 예술의 의미와 가치를 이끌어내고 사회 전반에 확산시키는 역할을 수행하고 있습니다. 이 공간은 융합, 변화, 도전, 혁신, 실험정신을 창조성의 원천으로 활용하여 시대적 요구와 사회번화상을 제시한 모범사례로 많은 화제와 관심을 불러일으키고 있습니다. 여기는 전시와 교육, 출판, 소장품 수집 활동을 활발히 하고 있으며 관객과 함께 숨쉬는 살아있는 공간으로 거듭나고 있습니다. 또한, 회화와 조각, 사진, 미디어 아트를 포괄하는 작가들을 육성하고 새로운 예술적 흐름을 제시합니다.
서울 은평구내 최초의 현대미술관으로서, 사비나미술관은 융복합 전시, 예술교육프로그램, 아카데미, 문화행사 등 다양한 문화예술 활동을 통해 시민들의 예술적 소양과 심미안, 창의성을 길러주는 평생학교의 역할을 충실히 수행하고 있으며, 지역주민을 위한 미술관으로서 국제적인 미술관으로 발전시켜 나가기 위해 노력하고 있습니다.
감사합니다!","[('미술관', 5), ('예술', 5), ('전시', 3), ('공간', 2), ('교육', 2), ('문화', 2), ('제시', 2), ('사비', 2), ('역할', 2), ('수행', 2)]","['미술관', '예술', '전시', '공간', '교육', '문화', '제시', '사비', '역할', '수행']"
수국사,은평구 서오릉로23길 8-5,은평구 구산동 산 135-1,37.6117223,126.9103085,관광지,은평구,"안녕하세요! 서울시 은평구 구산동 314번지에 위치한 대한불교조계종 수국사는 멋진 역사를 가지고 있는 고찰입니다. 1459년 세조의 맏아들인 의경대왕이 별세하자, 고양 봉현 능을 건립하고 원찰로 삼아 중창한 것이 정인사인데, 이것이 바로 수국사의 전신입니다.
수국사는 광릉의 봉선사와 비교해도 손색 없는 멋진 풍경과 119칸의 화려한 대찰을 자랑합니다. 숙종과 인현왕후 능인 명릉의 원찰 기능까지 수행했지만, 조선 후기에는 불상만 남기고 폐허가 되었습니다. 그러나 1900년, 순종이 별세하자 고종의 명으로 월초스님이 기도하여 병이 낫고, 스님들이 다시 수국사를 중창하게 되었습니다. 1907년에는 왕실의 발원으로 불상의 개금과 불화 13점 등이 이루어지게 되는 등, 수국사는 서울 근교의 명소로 이름을 떨치게 되었습니다.
6.25전쟁으로 건물 대부분이 파괴되었지만, 역대 주지스님들이 계속 중창을 거듭해왔고, 1995년에는 황금법당으로 중창되어 현재까지 이어져왔습니다. 황금보전 법당은 외 9포, 내 15포, 108평 규모의 전통 목조법당으로, 법당 안팎을 기와 이외에는 100% 순금으로 개금된 불사였습니다.
현재 수국사에는 고려 후기 불상 목조 아미타여래좌상 및 복장유믈 36종 88점과 서울시 유형문화재 6점(아미타불화, 십육나한도, 극락구품도, 감로도, 신중도, 현왕도)이 있습니다.","[('수국사', 6), ('법당', 4), ('중창', 4), ('불상', 3), ('서울', 3), ('스님', 3), ('개금', 2), ('후기', 2), ('별세', 2), ('현재', 2)]","['수국사', '법당', '중창', '불상', '서울', '스님', '개금', '후기', '별세', '현재']"
응암정보도서관,은평구 가좌로7길 15,은평구 응암3동 730-3,37.5859315,126.9196742,문화시설,은평구,"안녕하세요! 응암정보도서관은 ‘북한산 큰 숲, 사람의 마을 은평’에 위치한 공공도서관입니다. 2009년 개관하여 은평구의 대표적인 공공도서관으로 자리매김하여, ‘문화와 창조의 시대를 여는 창’의 비전을 가지고 인간 중심의 발전적 시대를 열어가는 견인차 역할을 수행하고 있습니다. 또한, 지역의 융합과 소통을 중시하고 있어요. 저희 도서관은 사서님들의 전문성을 바탕으로 은평구의 지역성과 대중성, 이용자 중심의 도서관 운영 프로그램을 개발하고 보급에 앞장서고 있습니다. 감사합니다!","[('도서관', 5), ('은평', 3), ('지역', 2), ('시대', 2), ('중심', 2), ('은평구', 2)]","['도서관', '은평', '지역', '시대', '중심', '은평구']"
은평한옥마을,은평구 연서로50길 7-12,은평구 진관동 127-27,37.6413672,126.9391609,관광지,은평구,"은평 한옥마을은 북촌과 서촌에 이어 새롭게 만들어진 한옥 단지입니다. 여유로움과 도심 속에서 천천히 쉬어갈 수 있는 곳이에요. 국립공원 북한산과 함께 역사와 문화가 어우러진 마을입니다. 은평한옥단지는 각자 원하는 모양과 나무색으로 지을 수 있는 토지 분양제로 개인적인 매력을 더해주고 있어요. 상업시설을 제외한 대부분이 개인 소유지이기 때문에 내부 관람은 불가능하지만, 소유주의 허락이 있다면 관람할 수 있습니다. 또한, 산책로와 편의시설, 카페 등 다양한 시설을 갖추고 있어서 나들이하기에도 좋아요.","[('시설', 3), ('관람', 2), ('개인', 2), ('소유', 2), ('마을', 2), ('산', 2), ('은평', 2)]","['시설', '관람', '개인', '소유', '마을', '산', '은평']"
증산체육공원,은평구 증산로5길 35-27,은평구 증산동 산 18-6,37.5843135,126.9032884,관광지,은평구,"은평구 수색 증산 뉴타운 반홍산 내에 위치한 증산체육공원은 산속에 조성되어 있어 운동하는 동안 신선한 공기를 마실 수 있는 46,100㎡ 규모의 체육공원입니다. 이 체육공원은 증산 생활체육 광장으로도 불리며, 인조 잔디가 깔린 축구장 1면과 풋살구장, 농구장, 배구장, 그리고 족구장을 갖추고 있습니다.
또한, 이 곳에는 산책로와 휴게시설도 갖추어져 있어 가족끼리 편안한 산책과 쉼을 취할 수 있습니다. 특히, 이 곳은 자연과 조화를 이루어져 있어 조용한 환경 속에서 산책을 즐기기에 좋습니다.
지하철 6호선 증산역 3번 출구에서 도보로 약 10분 이내의 거리에 위치해 있어 교통 접근성이 좋습니다. 따라서, 서울에서 스포츠를 즐기고자 하는 분들에게는 좋은 선택지가 될 것입니다.
만약 서울 방문 시 여가 활동을 즐기고 싶다면, 증산체육공원을 추천합니다. 청정한 공기와 조용한 환경에서 스포츠를 즐길 수 있는 좋은 장소입니다.","[('증산', 5), ('구장', 5), ('체육', 5), ('공원', 4), ('산책', 3), ('서울', 2), ('환경', 2), ('공기', 2), ('스포츠', 2), ('위치', 2)]","['증산', '구장', '체육', '공원', '산책', '서울', '환경', '공기', '스포츠', '위치']"
진관사계곡,은평구 진관길 73,은평구 진관동 354,37.6383876,126.946406,관광지,은평구,"은평구 진관내동 북한산성 입구에 위치한 이곳은 산림 생태계와 조화를 이루고 있어 도롱뇽, 산개구리 등 서울시에서 보호하는 동물들을 볼 수 있는 곳입니다. 2011년 국립공원관리공단 북한산국립공원사무소는 수환경 및 수서생태계 보호를 목적으로 은평구 진관동에 위치한 진관사 계곡(약0.5㎞, 3500㎡)을 북한산국립공원 특별보호구로 지정하였습니다. 그래서 진관사 무료주차장 아래 근처 구역에서 물놀이를 즐길 수 있습니다. 다만, 일부 구역은 출입이 제한되니 참고하시기 바랍니다.","[('산', 5), ('북한', 3), ('보호', 3), ('국립공원', 3), ('구역', 2), ('생태계', 2), ('관사', 2), ('은평구', 2), ('위치', 2)]","['산', '북한', '보호', '국립공원', '구역', '생태계', '관사', '은평구', '위치']"
은평문화예술회관,은평구 녹번로 16,은평구 녹번동 85-4,37.6036744,126.927865,문화시설,은평구,"은평문화예술회관은 지역 문화 향상과 예술 발전을 위해, 구민들의 의견을 모아 1994년 1월에 착공하여 2년 9개월의 공사 기간과 총 사업비 176억원을 들여 1996년 11월 15일에 문화 예술 회관을 개관하였습니다.
문화 예술 회관은 음악회, 연극 등의 공연을 수용할 수 있는 공연장과 회화, 사진 등의 전시회를 열 수 있는 기획 전시실과 홍보 전시실의 문화 공간을 제공합니다. 또한, 대회의실과 소회의실을 비롯한 다양한 회의실과 문화 강좌실 4개소, 야외 공연장 등의 문화공간이 있습니다.","[('문화', 7), ('예술', 4), ('전시', 3), ('회관', 3), ('공연', 3), ('실과', 3), ('회의실', 3), ('공간', 2), ('공연장', 2)]","['문화', '예술', '전시', '회관', '공연', '실과', '회의실', '공간', '공연장']"
은평역사한옥박물관,은평구 연서로50길 8,은평구 진관동 135-5,37.6403687,126.9380375,문화시설,은평구,"은평역사한옥 박물관은 실제 한옥(집)과 한옥의 건축과정 및 과학성 등이 전시된 한옥 전시실을 보유하고 있습니다. 특히, 은평 지역의 역사가 담긴 생활 양식과 문화유산을 보존하고 있으며, 은평 뉴타운 개발 당시 거주했던 고대인들의 생활 양식을 엿볼 수 있는 유물이 발굴되면서 한옥 박물관을 조성하게 되었습니다. 박물관은 북한산 진관사 가는 길 하나고등학교 맞은편에 위치해 있습니다.
은평역사한옥 박물관에서는 전시 콘텐츠와 연계하여, 은평의 역사와 문화 및 한옥 등 한국 문화에 대해 교육체험프로그램을 운영합니다. 유아와 청소년을 대상으로 한 재미있는 체험과 성인 대상의 전문가 강좌 등 다양한 프로그램이 제공되고 있습니다.","[('은평', 5), ('박물관', 4), ('역사', 4), ('전시', 3), ('문화', 3), ('프로그램', 2), ('산', 2), ('체험', 2), ('대상', 2), ('생활', 2)]","['은평', '박물관', '역사', '전시', '문화', '프로그램', '산', '체험', '대상', '생활']"
응암동 감자국 거리,은평구 응암로4길 27-2,은평구 응암동 602-17,37.587391,126.9172063,관광지,은평구,"음식 거리에서 먹을 수 있는 감자탕 맛집
장충동에는 족발, 청진동엔 해장국, 응암동엔 감자탕 전문 가게들이 있습니다. 이곳에 가는 사람들은 어느 가게를 가더라도 맛있는 감자탕을 먹을 수 있습니다.
감자탕은 값싸고 푸짐하게 먹을 수 있으며, 감자와 돼지고기가 영양식에 좋아져 인기를 끌었습니다. 감자는 녹말, 단백질, 무기질, 환원당, 비타민C, 필수아미노산 등이 함유되어 있으며, 조리 후에도 거의 파괴되지 않는 비타민C가 포함되어 있습니다. 돼지고기는 풍부한 영양소 외에도 성인병 예방에 좋고 독소제거 효능이 있습니다. 이러한 이유로 감자탕은 최근에 가족들이 즐기는 대표적인 음식 중 하나가 되었습니다.
원조 감자탕은 많은 돼지뼈와 감자를 사용하여 국물맛이 특별하며, 매일 담근 겉절이와 깍둑기, 쌈장, 배추김치 등도 특히 맛있습니다. 감자탕은 밥상보다는 술상에 제격입니다. 남은 국물로 비빔밥도 만들어 먹을 수 있습니다. 응암동 감자국거리에 가서 원조 감자국의 맛을 느껴보세요!","[('감자', 12), ('감자탕', 7), ('돼지', 3), ('국물', 2), ('응암동', 2), ('돼지고기', 2), ('원조', 2), ('가게', 2), ('음식', 2), ('비타민', 2)]","['감자', '감자탕', '돼지', '국물', '응암동', '돼지고기', '원조', '가게', '음식', '비타민']"
인조별서유기비,,은평구 역촌동 8-12,37.6087228,126.9166128,문화재,은평구,"인조별서유기비는 조선왕조 제16대 임금 인조의 별서를 기념하기 위해 1695년에 세운 석비입니다. 이 석비는 조선시대 초기 양식과 후기 양식의 특징을 동시에 보여주고 있는데요. 거북받침돌은 중국의 영향을 받아 조선시대 초기 양식을 이어가고 있으며, 지붕돌은 이수 대신 간결한 한옥양식으로 변화된 후기 석비양식을 대표하고 있습니다.

이 석비는 인조반정에 관련된 중요한 역사적 사실과 그 현장을 증명하는 사료로써 역사적인 가치가 매우 높습니다. 또한, 석비의 조형적 측면에서도 조선시대 석비예술의 흐름을 파악하는 데도 귀중한 자료가 됩니다.","[('석비', 6), ('양식', 5), ('인조', 3), ('조선시대', 3), ('초기', 2), ('후기', 2), ('역사', 2)]","['석비', '양식', '인조', '조선시대', '초기', '후기', '역사']"
장용학기옥,은평구 연서로 183-10,은평구 갈현동 462-44,37.6149658,126.9174714,문화재,은평구,"장용학 가옥은 대한민국 소설가 장용학의 집이었습니다. 그는 1921년에 함경북도 부령에서 태어나 일본 와세다대학에서 상과를 중퇴한 후, 1947년 월남에서 단편소설 ''희화''를 발표하면서 등단하였습니다. 그 후 ''비인탄생'', ''원형의 전설'' 등 전후의 인간의 실존적 문제를 다루어 1950년대 우리 문단에 ''관념소설''이란 새 영역을 개척하였습니다.
장용학은 그의 작품들로써 특유의 국한문혼용 문장과 의식의 흐름을 반영하였습니다. 이러한 작품들로 인해 장용학은 ''날개''의 이상(李箱)이후 가장 실험적인 작가라는 평가를 얻었으며, 난해한 작품 세계를 추구한다는 평을 들었습니다.
장용학 가옥은 그가 1970년부터 1999년까지 기거하던 사택으로, 단편 ''하여가행''이 집필된 곳입니다. 이 집은 서울특별시 은평구 연서로 183-10에 위치하고 있습니다. 그의 대표작인 ''요한시집''을 비롯해 여러 작품들이 이 집에서 탄생되었습니다.","[('장용학', 5), ('작품', 4), ('단편', 2), ('탄생', 2), ('가옥', 2)]","['장용학', '작품', '단편', '탄생', '가옥']"
화의군 이영 묘역,은평구 연서로48길 22,은평구 진관동 144,37.6372065,126.9376757,문화재,은평구,"조선 제4대 임금 세종의 아들인 화의군 이영은, 단종의 복위 운동에 참여하여 세조로부터 정치적 탄압을 받았습니다. 이에 따라 화의군 이영은 탄압을 피하여 서울 남쪽 논현동에 숨어 살았습니다.
하지만 그의 묘소는 이전과 같은 곳에 자리하고 있습니다. 묘역에는 화의군 이영의 묘소를 비롯해 충경사, 제실, 홍살문, 신도비 등의 사당이 자리하고 있습니다. 특히, 묘역 내부의 석조물 조각은 비교적 원형이 잘 보존되어 있어, 당시의 석조물 제작 기술과 방식을 파악하는 데에 중요한 자료가 됩니다.
화의군 이영의 참여한 단종의 복위 운동은, 단종이 태종으로부터 왕위를 빼앗겨 왕실에서 쫓겨난 후, 다시 왕위에 올라가기 위해 집권세력과 왕실 내부의 지지를 받은 운동입니다. 하지만, 단종이 복위를 성공시키지 못하고 후궁 출신인 세조가 즉위하면서 이 운동은 실패로 끝나게 됩니다.","[('화의군', 4), ('운동', 4), ('단종', 4), ('이영', 4), ('복위', 3), ('내부', 2), ('참여', 2), ('조물', 2), ('왕실', 2), ('이영은', 2)]","['화의군', '운동', '단종', '이영', '복위', '내부', '참여', '조물', '왕실', '이영은']"
진관사,은평구 진관길 73,은평구 진관동 354,37.6383876,126.946406,관광지,은평구,"진관사는 고려시대부터 서울 근교의 네 대 명찰 중 하나로 꼽히는 사찰으로, 천년 이상의 역사와 함께 문화와 예술, 자연환경까지 다양한 면에서 매력적인 곳입니다.

진관사는 고려 제8대 현종이 1010년에 창건한 사찰로, 진관대사의 이름에서 따와진 이름을 갖고 있습니다. 이후 조선 시대에는 수륙사를 설치하여 전쟁에서 희생한 고려왕실과 조선시대의 순신들을 추모하는 국행수륙재를 거행하였습니다. 또한 세종대 때에는 독서당을 설치하여 선비들의 학문 열정을 이어갔습니다.

하지만 한국 전쟁 때 공비소탕의 피해를 입어 망가졌으나, 1963년 비구니 스님의 노력으로 30여 년간 복원 작업을 거쳐 현재의 아름다운 모습을 갖추게 되었습니다.

진관사에는 대웅전, 명부전, 나한전, 칠성각, 독성각, 나가원, 홍제루, 동정각, 동별당, 요사체 등의 건물들이 있으며, 석가모니불과 보살들을 모셔 불교 문화와 예술을 즐길 수 있습니다. 또한 북한산 국립공원에 위치하고 있어서 자연환경과 함께 즐길 수 있는 산책로도 있습니다.

진관사는 서울 근교에 위치하고 있어 시민들에게 자연과 문화를 함께 즐길 수 있는 소중한 장소 중 하나입니다. 부처님의 자비를 세상에 전하는 곳으로서 많은 사람들에게 위로와 위안을 주고 있습니다.","[('진관', 5), ('관사', 4), ('고려', 3), ('문화', 3), ('자연', 3), ('시대', 3), ('서울', 2), ('수륙', 2), ('산', 2), ('이름', 2)]","['진관', '관사', '고려', '문화', '자연', '시대', '서울', '수륙', '산', '이름']"
천간사,은평구 불광로10길 20-8,은평구 불광동 642-1,37.6173277,126.9343385,관광지,은평구,"천간사는 1960년에 창건되어 2009년 재개발로 인해 재건축되었습니다. 이 사찰에는 부처님 진신사리탑 외에도 창건주스님 부도탑, 육영수 여사의 추모공덕비 등 다수의 비석과 탑들이 있습니다. 또한, 2011년에 새롭게 신축하면서 국토해양부로부터 대한민국 한옥상을 수상했습니다.
천간사는 북한산과 둘레길이 바로 옆에 위치하여 공기가 매우 좋습니다. 이곳에서는 하이킹을 즐길 수 있으며, 산책을 즐기기에도 좋습니다. 사찰은 전통적인 한옥 건축 양식으로 재건축되어 있어서 매우 아름다우며, 근처에는 맛집과 카페도 많아서 방문객들의 취향을 만족시킬 수 있습니다.
방문객들은 천간사에서 조용하고 평화로운 시간을 보낼 수 있으며, 사찰 내부에서는 명상을 할 수 있는 공간도 마련되어 있습니다. 또한, 천간사는 역사적으로도 가치가 있는 곳으로, 문화재로 지정되어 있으므로 역사와 문화에 관심이 있는 방문객들에게도 매우 좋은 장소입니다.","[('간사', 4), ('사찰', 3), ('건축', 3), ('방문객', 3), ('매우', 3), ('문화', 2), ('역사', 2), ('산', 2), ('재건축', 2), ('창건', 2)]","['간사', '사찰', '건축', '방문객', '매우', '문화', '역사', '산', '재건축', '창건']"
청기와양복점,은평구 통일로 697,은평구 녹번동 117-114,37.6082436,126.9315517,문화재,은평구,"청기와양복점은 1973년 개업한 맞춤형 양복점으로, 현재까지 같은 장소에서 두 대의 가업을 이어오고 있습니다. 현 위치에서 황재홍 씨가 개업하여 현재까지 운영하고 있으며, 1999년부터는 아들 황필승 씨가 재단사로 일하기 시작하여 두 대째 양복점을 이어오고 있습니다. 황재홍 씨는 1981년 전국 주문신사복기술경기대회에서 대상을, 1983년 신사복콩크르대회기술대상에서 금메달을 수상하였으며, 아들 황필승 씨는 2000년 국가 공인양복기능사에 수석으로 합격하는 등 양복기술을 인정받았습니다. 옛날에는 전두환, 노태우, 김대중 대통령의 가족이 청기와양복점에서 양복을 맞춘 적도 있다고 합니다. 청기와양복점은 2013년 은평구청으로부터 30년 이상 대를 이어 업체를 경영한 가업 승계업체로 선정되었으며, 2016년 서울미래유산에 선정되었습니다.","[('양복', 8), ('복점', 5), ('기술', 3), ('기와', 3), ('선정', 2), ('가업', 2), ('업체', 2), ('대회', 2), ('개업', 2), ('현재', 2)]","['양복', '복점', '기술', '기와', '선정', '가업', '업체', '대회', '개업', '현재']"
삼천사,은평구 연서로54길 127,은평구 진관동 산 25-2,37.642433,126.9459794,관광지,은평구,"통일신라시대 원효대사에 의해 창건된 삼천사는 대단한 규모를 자랑하여 3000여 대중이 모여 수도 정진하였답니다. 임진왜란 때에는 왜병과의 전투가 벌어졌고, 이후에는 중창과 성운화상에 의해 복원되었습니다. 내부에는 천년고불 마애석불과 여러 석탑이 있으며, 또한 법신제불이 상주방광하는 성지입니다. 마애여래입상은 고려불화의 독특한 매력을 보여주는 뛰어난 작품으로 유명합니다. 현재는 융기선을 따라 금분칠을 하고 있으며, 좌우에 목조가구의 흔적이 남아있습니다. 661년에 창건된 삼천사는 3,000여 명이 살았다는 기록도 있지만, 최근의 조사 결과 ''三千''이 아니라 ''三川''이라는 것이 밝혀졌습니다. 삼천사는 병화를 피하지 못하였지만, 뒷날 암자가 있던 마애여래 길상터에 진영대사가 다시 복원하였고, 이후에는 여러 건물과 석탑이 조성되어 오늘날의 모습을 갖췄습니다. 1999년에서 2003년, 그리고 2005년에서 2007년 사이에는 지표조사 및 발굴조사가 진행되어 많은 사실이 밝혀졌습니다.","[('마애', 3), ('조사', 3), ('삼천사', 3), ('여래', 2), ('이후', 2), ('대사', 2), ('여러', 2), ('복원', 2), ('창건', 2), ('석탑', 2)]","['마애', '조사', '삼천사', '여래', '이후', '대사', '여러', '복원', '창건', '석탑']"
포수마을 만화도서관,은평구 증산로 478,은평구 응암동 114-9,37.5981463,126.9161887,문화시설,은평구,"포수마을 만화도서관은 불광천 진입로에 위치한 컨테이너 박스 형태의 도서관으로, 주민센터에서 관리하고 주민 봉사자들이 운영합니다. 이 도서관은 2014년 주민참여예산 제안사업으로 만들어졌으며, 열람석은 15석 내외로 구성되어 있습니다. 총 2,700여 권의 만화책과 장서가 비치되어 있습니다. 또한 필요에 따라 회의 공간으로 사용이 가능합니다.

이 도서관의 운영 시간은 오후 1시 30분부터 오후 5시 30분까지이며, 동절기인 1월과 2월에는 오후 1시부터 운영합니다. 휴관일은 매주 수요일과 일요일, 그리고 법정공휴일입니다. 단, 도서대여는 불가능합니다. 포수마을 만화도서관은 지역 주민들에게 좋은 문화공간을 제공하고 있으며, 만화책을 통해 다양한 이야기와 문화를 접할 수 있는 기회를 제공합니다.","[('도서', 6), ('도서관', 5), ('만화', 4), ('주민', 4), ('오후', 3), ('운영', 3), ('만화책', 2), ('포수', 2), ('문화', 2), ('마을', 2)]","['도서', '도서관', '만화', '주민', '오후', '운영', '만화책', '포수', '문화', '마을']"
향림도시농업체험원,은평구 연서로43길 16-15,은평구 불광동 462-1,37.6279697,126.9268761,레포츠,은평구,"향림도시농업체험원은 면적이 24,615㎡이며, 다양한 시설들로 구성되어 있습니다. 이 곳은 텃밭, 논, 치유정원, 약용식물원, 저류연못, 계류, 토끼장, 퇴비장 등의 시설들을 갖추고 있습니다. 이러한 시설들은 공원 형태로 개방되어 있어 지역 주민뿐만 아니라 도시농업에 관심 있는 사람들에게 교육 및 체험의 기회를 제공하기 위한 목적으로 구성되어 있습니다.
그중에서도 텃밭은 이곳에서 가장 인기 있는 시설 중 하나입니다. 텃밭에서는 농작물을 직접 경작하고 수확하는 체험을 할 수 있습니다. 또한, 논에서는 논경작 체험을 할 수 있습니다. 이곳에서는 또한 약용식물원도 운영하고 있습니다. 약초에 관심 있는 분들은 약용식물원에서 다양한 약초들을 관찰하고, 이에 대한 지식을 습득할 수 있습니다. 토끼장에서는 귀여운 토끼들과 함께 놀 수 있습니다.
또한, 이곳에서는 농업 체험뿐만 아니라 다양한 프로그램들을 제공합니다. 가족 단위로 참여할 수 있는 프로그램도 있고, 학교나 단체 단위로 참여할 수 있는 프로그램도 있습니다. 특히, 이곳에서는 체험을 통해 지속 가능한 농업에 대한 이해를 높이고, 지속 가능한 농업이 지역사회와 환경에 미치는 영향에 대해 배울 수 있는 기회를 제공합니다.","[('체험', 6), ('농업', 5), ('시설', 4), ('프로그램', 3), ('텃밭', 3), ('제공', 3), ('약용식물', 3), ('토끼', 3), ('지역', 2), ('경작', 2)]","['체험', '농업', '시설', '프로그램', '텃밭', '제공', '약용식물', '토끼', '지역', '경작']"
형제대장간,은평구 수색로 249,은평구 수색동 102-49,37.5814673,126.8960537,문화재,은평구,"형제대장간은 류상준 씨(형)와 류상남 씨(동생) 형제가 함께 운영하는 대장간입니다. 형상준 씨는 초등학교 졸업 후, 대장장이 길로 들어서게 되었습니다. 우연히 동네(서울 모래내)에 전국적으로 이름이 난 대장장 박용신 씨가 계셨습니다. 류상준 씨는 박용신 씨에게서 풀무질부터 차근차근 배웠습니다. 그는 성격이 꼼꼼하고 인내력이 강해서 나이는 어렸지만 스승에게 인정을 받았습니다. 10년 동안 모래내에서 대장장기술을 익힌 뒤, 1976년 서울 암사동에서 처음 대장간을 차렸습니다. 그 뒤 모래내로 옮겼다가, 1997년부터는 수색에 자리잡았습니다. 이때부터 동생이 함께 하기 시작하면서 ''형제대장간'' 간판을 달았습니다. 사극을 제작하는 방송국에서도 드라마에 사용할 병장기를 주문합니다. 드라마 <식객>에서 사용된 ''서울식 전통칼''도 제작했습니다. 문화재청에서도 자주 이용합니다.","[('대장', 7), ('대장간', 4), ('서울', 3), ('상준', 3), ('모래내', 3), ('형제', 3), ('사용', 2), ('박용', 2), ('제작', 2), ('동생', 2)]","['대장', '대장간', '서울', '상준', '모래내', '형제', '사용', '박용', '제작', '동생']"
여운형 묘소,강북구 삼양로155길 28,강북구 우이동 106-1,37.6566583,127.0119721,문화재,,"여운형 선생님은 일제강점기에 활동한 교육자이자 민족계몽운동가입니다. 그는 1914년 중국으로 건너가 난징과 상하이 등지에서 독립운동을 전개하였으며, 신한청년당을 조직해 총무간사로 활동하며 김규식을 파리강화회의에 대표로 파견했습니다. 대한민국 임시정부가 조직되자 여운형 선생님은 임시의정원 의원 외무부 차장 등을 지냈습니다. 그는 중국혁명운동에 참여했다가 일제 경찰에 체포되어 감옥 생활을 하였습니다. 후에 조선중앙일보사 사장을 지냈으나, 1936년 손기정 선수의 일장기 말소사건으로 신문이 폐간되어, 비밀지파 독립운동 단체인 건국동맹과 농민동맹을 결성하여 활동하였습니다. 해방 후 안재홍 등과 함께 건국준비위원회를 조직해 통일 임시정부 수립을 위한 좌우합작운동을 전개하였으나, 좌우합작을 반대하는 좌, 우익 양측으로부터 테러를 당하는 등 고통을 겪다가 1947년 7월 암살을 당하게 되었습니다. 그는 2005년 건국훈장 대통령장을 받았으며, 2008년에는 다시 건국훈장 대한민국장이 되었습니다.","[('운동', 5), ('건국', 4), ('활동', 3), ('조직', 3), ('전개', 2), ('독립운동', 2), ('동맹', 2), ('훈장', 2), ('대한민국', 2), ('선생님', 2)]","['운동', '건국', '활동', '조직', '전개', '독립운동', '동맹', '훈장', '대한민국', '선생님']"
